Date,Adj Close,Close,High,Low,Open,Volume,Daily_Return,MA_7,MA_21,Volatility_7,Volume_Change,Target
2020-09-21,2113.48681640625,2465.300048828125,2504.89990234375,2452.14990234375,2465.0,4598809,0.0062860308985042135,2462.2928292410716,2340.8737909226193,0.021103487473037398,0.0993372148393501,1
2020-09-22,2162.91015625,2522.949951171875,2555.0,2458.0,2485.0,7499613,0.023384537866355748,2483.5570940290177,2353.9618791852677,0.021581392368920035,0.6307728805436363,0
2020-09-23,2115.330322265625,2467.449951171875,2519.85009765625,2409.0,2510.0,7502280,-0.02199805825486989,2480.135672433036,2364.6666434151784,0.01518150462855758,0.00035561834990693875,0
2020-09-24,1999.423828125,2332.25,2450.0,2302.60009765625,2450.0,8424708,-0.054793391496214094,2457.399972098214,2368.4166434151784,0.025219001539792882,0.12295302228122651,1
2020-09-25,2076.62353515625,2422.300048828125,2440.0,2352.10009765625,2368.0,8228267,0.03861080451414933,2445.871407645089,2376.6976027715773,0.03092708759969255,-0.02331724731587137,1
2020-09-28,2080.05224609375,2426.300048828125,2444.0,2366.0,2440.0,4347166,0.0016513230893651087,2440.9214215959823,2385.6380789620534,0.030462720467868114,-0.4716790303474595,1
2020-09-29,2133.290283203125,2488.39990234375,2511.050048828125,2426.300048828125,2434.85009765625,6995811,0.025594465756870743,2446.4214215959823,2396.645217168899,0.03207031904602145,0.6092808510188017,1
2020-09-30,2136.6337890625,2492.300048828125,2505.0,2460.0,2489.0,3917166,0.0015673310711439292,2450.278564453125,2408.3571196056546,0.032031372994749764,-0.4400697789005449,1
2020-10-01,2163.338623046875,2523.449951171875,2540.0,2492.300048828125,2510.0,2610337,0.01249845593767751,2450.3499930245534,2420.6571219308034,0.031070070344316244,-0.33361593560242275,1
2020-10-05,2319.666015625,2705.800048828125,2728.10009765625,2603.050048828125,2620.0,17412105,0.07226222084237,2484.4000069754466,2440.0047433035716,0.039107550831543325,5.6704433182382195,1
2020-10-06,2326.95361328125,2714.300048828125,2736.0,2650.10009765625,2736.0,9846367,0.003141399898962005,2538.978585379464,2460.266648065476,0.026116302127515725,-0.4345102444534994,1
2020-10-07,2345.51318359375,2735.949951171875,2770.0,2703.0,2742.0,9656101,0.00797623768716993,2583.785714285714,2479.7380719866073,0.025464526110073188,-0.019323472302017586,1
2020-10-08,2422.455810546875,2825.699951171875,2885.0,2800.0,2800.0,19839329,0.032803962646158036,2640.842843191964,2502.4761672247023,0.0248848576516469,1.0545900462308753,0
2020-10-09,2411.52490234375,2812.949951171875,2829.85009765625,2780.0,2810.0,7739245,-0.004512156357829977,2687.2071358816966,2525.585693359375,0.026745363025968933,-0.6099038934230084,1
2020-10-12,2426.142333984375,2830.0,2854.0,2800.75,2815.5,4623203,0.006061269885382137,2735.4499860491073,2549.3404599144346,0.026337044148644698,-0.4026286801877961,0
2020-10-13,2423.184326171875,2826.550048828125,2854.89990234375,2812.199951171875,2845.0,4209878,-0.0012190640183303847,2778.75,2570.885695684524,0.02735765394154348,-0.08940230398708426,0
2020-10-14,2418.922607421875,2809.60009765625,2842.0,2787.550048828125,2842.0,4395936,-0.005996692391455172,2793.5785784040177,2586.0380859375,0.013134373489442701,0.04419558001443269,0
2020-10-15,2359.516845703125,2740.60009765625,2827.75,2727.0,2811.0,6629355,-0.024558655182835176,2797.3357282366073,2597.904761904762,0.017423536400744507,0.508064494114564,1
2020-10-16,2379.060791015625,2763.300048828125,2771.64990234375,2731.300048828125,2750.10009765625,5273773,0.00828283965664589,2801.2428850446427,2610.300002325149,0.017442881760923474,-0.204481733139951,0
2020-10-19,2334.506591796875,2711.550048828125,2774.0,2706.60009765625,2774.0,3331194,-0.018727607963509585,2784.9357561383927,2622.2333403087796,0.012115470759178102,-0.3683471017808313,1
2020-10-20,2358.1396484375,2739.0,2759.89990234375,2717.949951171875,2725.0,3406273,0.010123342987431894,2774.3714773995534,2636.0000116257443,0.013554183836796118,0.022538164994293286,0
2020-10-21,2303.3828125,2675.39990234375,2749.0,2663.050048828125,2739.0,4570143,-0.023220188994614865,2752.2857491629466,2646.0047665550596,0.014516879359858154,0.34168429835189373,0
2020-10-22,2299.72412109375,2671.14990234375,2686.64990234375,2638.10009765625,2661.0,5262294,-0.0015885475648993452,2730.0857282366073,2653.0619070870534,0.014489174406860029,0.1514506220046068,1
2020-10-23,2313.197998046875,2686.800048828125,2702.0,2670.10009765625,2687.800048828125,3499091,0.005858954778480641,2712.5428641183034,2663.507149832589,0.015419304308610405,-0.33506356733394216,1
2020-10-26,2314.40283203125,2688.199951171875,2709.949951171875,2670.5,2689.949951171875,2672752,0.0005210295959168221,2705.05712890625,2680.4571475074404,0.013215433679944337,-0.23615819079869604,0
2020-10-27,2264.42529296875,2630.14990234375,2718.14990234375,2624.10009765625,2699.75,3537502,-0.02159439397460705,2686.0356794084823,2690.354759579613,0.013892558679456515,0.3235429250450472,0
2020-10-28,2257.580322265625,2622.199951171875,2655.949951171875,2606.0,2650.0,3569445,-0.003022622841683198,2673.2713797433034,2699.683326357887,0.012906037218323625,0.009029818216357288,1
2020-10-29,2266.5771484375,2632.64990234375,2655.0,2600.25,2608.0,3105968,0.003985184717589796,2658.0785086495534,2706.5523739769346,0.011900097757290586,-0.12984567628861066,1
2020-10-30,2294.300048828125,2664.85009765625,2674.35009765625,2621.60009765625,2636.10009765625,3427003,0.012231096616315495,2656.5713936941966,2714.76904296875,0.010616000680370358,0.10336069141729731,0
2020-11-02,2242.427978515625,2604.60009765625,2664.85009765625,2600.050048828125,2660.0,2571196,-0.022609151656594162,2647.064278738839,2718.6333356584823,0.013540349288847802,-0.24972461360553233,1
2020-11-03,2267.395751953125,2633.60009765625,2665.0,2601.050048828125,2604.0,2879269,0.011134146860432015,2639.464285714286,2715.195242745536,0.01427605794875944,0.1198170034489785,1
2020-11-04,2284.226318359375,2653.14990234375,2721.85009765625,2610.0,2610.0,4893928,0.007423224469386369,2634.4571358816966,2712.2833310081846,0.014770638576951229,0.6997119755048937,1
2020-11-05,2312.251220703125,2685.699951171875,2710.0,2667.0,2685.0,2816502,0.012268454488519875,2642.3928571428573,2709.8904738653273,0.012582354200234723,-0.42449051150732087,1
2020-11-06,2330.9765625,2707.449951171875,2713.25,2681.300048828125,2699.0,3884421,0.008098447479402804,2654.5714285714284,2704.259521484375,0.012387116143887092,0.37916500680631504,1
2020-11-09,2347.463623046875,2726.60009765625,2744.0,2695.10009765625,2731.10009765625,3646592,0.0070731303735036555,2667.9928850446427,2700.1476236979165,0.012414559100941231,-0.06122637067403358,0
2020-11-10,2281.170654296875,2649.60009765625,2713.14990234375,2638.35009765625,2697.199951171875,4760020,-0.02824029826236274,2665.8143136160716,2691.557152157738,0.01708082491933108,0.305333856927235,1
2020-11-11,2314.058837890625,2687.800048828125,2692.800048828125,2643.39990234375,2667.949951171875,3242441,0.014417251571535505,2677.700020926339,2684.9500093005954,0.014734822128172,-0.31881777807656275,0
2020-11-12,2299.637939453125,2671.050048828125,2713.0,2661.75,2686.0,2437505,-0.006231862376556929,2683.0500139508927,2678.3523879278273,0.014911484510636666,-0.2482500067079093,0
2020-11-13,2287.412109375,2656.85009765625,2664.89990234375,2636.0,2655.75,2548093,-0.005316243017649547,2683.57861328125,2674.3642926897323,0.014933115723223601,0.045369342832117354,1
2020-11-14,2299.035400390625,2670.35009765625,2689.0,2660.050048828125,2677.949951171875,298819,0.005081204999826339,2681.3857770647323,2669.9381045386904,0.014201879437532419,-0.8827283776534058,0
2020-11-17,2295.33349609375,2666.050048828125,2695.0,2650.050048828125,2695.0,2827273,-0.0016102940329431048,2675.471505301339,2667.771437872024,0.013659580450121209,8.46149006589273,0
2020-11-18,2261.411865234375,2626.64990234375,2664.199951171875,2607.050048828125,2661.0,2893762,-0.014778472182730984,2661.1929059709823,2662.421433221726,0.013705809916941538,0.02351700737778062,1
2020-11-19,2270.23681640625,2636.89990234375,2676.14990234375,2630.85009765625,2637.0,4167501,0.003902309169887541,2659.378592354911,2660.5880998883927,0.00943450382204051,0.4401671595659906,1
2020-11-20,2290.339599609375,2660.25,2676.0,2627.550048828125,2655.0,2711471,0.008855132360350737,2655.44287109375,2660.0690569196427,0.008093074508264688,-0.3493772407013219,1
2020-11-23,2345.440185546875,2724.25,2730.0,2665.0,2690.0,3706418,0.02405788929611874,2663.0428641183034,2661.8523879278273,0.012174141031971324,0.3669399377680971,0
2020-11-24,2343.546142578125,2722.050048828125,2743.0,2705.0,2734.39990234375,3120516,-0.0008075437907222316,2672.3571428571427,2663.4642973400296,0.011780868485090603,-0.15807769118323944,0
2020-11-25,2325.681884765625,2701.300048828125,2732.949951171875,2688.199951171875,2729.0,3302249,-0.00762293110993062,2676.778564453125,2666.8523995535716,0.012460757681100908,0.05823812472039891,1
2020-11-26,2342.298095703125,2720.60009765625,2730.949951171875,2680.0,2686.0,2341099,0.00714472605014671,2684.5714285714284,2671.5381208147323,0.012510791816094503,-0.2910592144929107,0
2020-11-27,2307.0419921875,2679.64990234375,2717.699951171875,2669.050048828125,2705.0,6086808,-0.015051898052851564,2692.1428571428573,2673.7762160528273,0.012575679553462024,1.5999788987992392,1
2020-12-01,2347.635986328125,2726.800048828125,2735.89990234375,2624.449951171875,2679.0,3605017,0.017595636819248472,2704.9857352120534,2676.7262137276784,0.013762034141772976,-0.4077327558220992,1
2020-12-02,2367.22265625,2749.550048828125,2754.699951171875,2702.449951171875,2719.0,2509032,0.008343112656821638,2717.7428850446427,2683.628592354911,0.013738735587017839,-0.30401659687041693,0
2020-12-03,2332.698486328125,2709.449951171875,2773.89990234375,2700.800048828125,2773.89990234375,2852548,-0.014584239946219935,2715.628592354911,2687.2404901413693,0.012414605578160827,0.13691176517477666,1
2020-12-04,2348.281982421875,2727.550048828125,2738.85009765625,2699.0,2710.800048828125,2686527,0.006680358737913394,2716.414306640625,2690.7833542596727,0.012723736161981965,-0.05820094876580517,1
2020-12-07,2357.020263671875,2737.699951171875,2744.0,2706.14990234375,2715.0,1996400,0.003721252465417102,2721.6142926897323,2693.259544735863,0.012251507542420983,-0.25688444597802296,1
2020-12-08,2408.332275390625,2797.300048828125,2805.550048828125,2732.449951171875,2740.0,4277818,0.021770135047392003,2732.5714285714284,2697.5381208147323,0.0143472432868008,1.142765978761771,1
2020-12-09,2419.95556640625,2810.800048828125,2840.0,2793.14990234375,2815.0,3659996,0.004826082209398841,2751.3071637834823,2701.5476422991073,0.011644928261945695,-0.14442456411189064,0
2020-12-10,2397.141357421875,2784.300048828125,2827.300048828125,2780.25,2818.0,2127801,-0.009427920712840598,2759.5214494977677,2707.9619256882443,0.011985476695539142,-0.418632971183575,0
2020-12-11,2396.537841796875,2783.60009765625,2807.699951171875,2764.550048828125,2792.699951171875,1795408,-0.00025139214869085436,2764.3857421875,2712.5238327752977,0.01179115301108778,-0.1562143264337219,1
2020-12-14,2408.677734375,2797.699951171875,2804.0,2756.25,2802.0,2483658,0.0050653301555410035,2776.9928850446427,2718.5547805059523,0.009313923353532854,0.38333905162503457,0
2020-12-15,2377.55419921875,2761.550048828125,2794.699951171875,2755.0,2786.0,2365509,-0.012921293553516344,2781.850027901786,2723.5404924665177,0.01132330351174522,-0.04757055923158504,1
2020-12-16,2422.883056640625,2814.199951171875,2819.800048828125,2760.449951171875,2779.0,2565149,0.019065344249723948,2792.7785993303573,2730.3904854910716,0.013097524729494185,0.0843962124007982,1
2020-12-17,2443.545654296875,2838.199951171875,2853.699951171875,2805.0,2811.0,2863460,0.008528178671173059,2798.6214425223216,2738.5880998883927,0.010873710657875835,0.11629382932531396,1
2020-12-18,2463.175048828125,2861.0,2898.0,2846.199951171875,2868.0,6076692,0.008033277859338606,2805.7928641183034,2749.747628348214,0.011072182945986355,1.1221501260712565,0
2020-12-21,2428.005126953125,2820.14990234375,2886.5,2785.0,2861.0,2705195,-0.014278258530671106,2810.9142717633927,2758.4738188244046,0.012057176242945685,-0.5548244011709003,1
2020-12-22,2473.076171875,2872.5,2883.64990234375,2818.64990234375,2834.0,2881737,0.018562877672829714,2823.6142578125,2768.5809616815477,0.013509404391672666,0.06526036015887948,1
2020-12-23,2504.28515625,2908.75,2919.0,2865.449951171875,2876.050048828125,2790988,0.012619669277632806,2839.4785505022323,2777.366675967262,0.013852087738660658,-0.031491076388997286,1
2020-12-24,2504.802001953125,2909.35009765625,2921.35009765625,2883.199951171875,2909.0,1807144,0.00020630774602481416,2860.592843191964,2786.2857259114585,0.011627406134260483,-0.3525074274772948,1
2020-12-28,2522.06396484375,2929.39990234375,2949.699951171875,2902.0,2910.0,2108994,0.006891506355199972,2877.049979073661,2797.1476236979165,0.010467779766826914,0.16703151492078105,1
2020-12-29,2523.010986328125,2930.5,2952.0,2920.0,2920.0,1994151,0.00037553686520230833,2890.2357003348216,2807.1428571428573,0.010566049063393226,-0.05445392447773678,0
2020-12-30,2504.759765625,2909.300048828125,2947.699951171875,2902.0,2934.39990234375,2637968,-0.007234243703079679,2897.1357073102677,2818.0785784040177,0.011296981413826698,0.32285268267046985,0
2020-12-31,2464.6826171875,2862.75,2905.0,2845.0,2900.0,4040956,-0.016000428985272763,2903.221435546875,2824.5523856026784,0.011732344786560133,0.5318442073596041,1
2021-01-01,2521.07373046875,2928.25,2940.0,2879.0,2880.0,2681440,0.02288009780805167,2911.185721261161,2833.0619070870534,0.012800529653893422,-0.3364342497171462,1
2021-01-04,2616.811767578125,3039.449951171875,3050.75,2940.949951171875,2950.0,5113293,0.037974883009263216,2929.8571428571427,2848.776192801339,0.01839893076515996,0.9069205352347993,1
2021-01-05,2662.915771484375,3093.0,3114.25,3039.60009765625,3039.60009765625,5801309,0.017618335451609735,2956.092843191964,2866.1785714285716,0.018591400287430407,0.13455438598961567,0
2021-01-06,2627.185546875,3051.5,3113.5,3037.199951171875,3100.0,3726716,-0.013417394115745274,2973.535714285714,2881.1214308965773,0.020453788947031263,-0.35760773990835515,0
2021-01-07,2611.086669921875,3032.800048828125,3080.85009765625,3000.25,3075.0,3717827,-0.006128117703383618,2988.1500069754466,2892.335716610863,0.020896270439821996,-0.002385209927453502,1
2021-01-08,2686.935546875,3120.89990234375,3128.0,3060.0,3090.0,5879039,0.02904901480388289,3018.3785574776784,2907.1023763020835,0.02180729930281645,0.5813105343524592,1
2021-01-11,2734.76171875,3176.449951171875,3230.0,3146.550048828125,3230.0,9508039,0.017799368953296923,3063.1928362165177,2925.7761811755954,0.01851066239553519,0.6172777557692677,0
2021-01-12,2733.38427734375,3174.85009765625,3210.0,3150.0,3176.449951171875,3611458,-0.000503660860463051,3098.4214215959823,2944.4071335565477,0.01897896534496366,-0.6201679441996399,0
2021-01-13,2719.6953125,3158.949951171875,3177.0,3126.25,3175.0,3572801,-0.005008156604342617,3115.492850167411,2961.6095145089284,0.015769763832357314,-0.01070398714314269,1
2021-01-14,2804.0126953125,3250.699951171875,3266.5,3120.39990234375,3155.0,6931542,0.029044461424899692,3138.021414620536,2984.902367001488,0.01769171467439438,0.9400862236659697,0
2021-01-15,2789.04736328125,3233.35009765625,3274.0,3210.0,3235.0,4131692,-0.005337266981337518,3164.0,3004.8618977864585,0.016328678118099363,-0.40392888047132947,0
2021-01-18,2779.041259765625,3221.75,3256.75,3187.39990234375,3250.0,4160906,-0.0035876404675938556,3190.992850167411,3023.1261858258927,0.015975949379210784,0.0070707109823286984,1
2021-01-19,2812.638427734375,3260.699951171875,3279.0,3232.0,3233.0,2975735,0.01208968764549545,3210.964285714286,3042.1595168340773,0.013480848307004282,-0.28483484125812986,1
2021-01-20,2854.129150390625,3308.800048828125,3327.949951171875,3267.10009765625,3270.0,3453446,0.014751463911594431,3229.8714425223216,3065.4285714285716,0.01309331774952701,0.16053546434746369,0
2021-01-21,2823.98193359375,3273.85009765625,3309.14990234375,3262.10009765625,3305.0,2778546,-0.010562726866573002,3244.0142996651784,3084.540480840774,0.01440253019450559,-0.1954279870019685,1
2021-01-22,2849.213134765625,3303.10009765625,3325.0,3241.89990234375,3241.89990234375,3052459,0.008934434725933249,3264.607177734375,3103.3190569196427,0.01382343718571689,0.09858141632350148,0
2021-01-25,2839.0341796875,3291.300048828125,3339.800048828125,3278.64990234375,3308.949951171875,2272887,-0.0035724163601635883,3270.4071916852677,3121.507149832589,0.009884191622012364,-0.25539147290758046,0
2021-01-27,2812.9404296875,3261.050048828125,3306.449951171875,3227.0,3300.0,2786662,-0.009190897077515192,3274.364327566964,3137.3000139508927,0.010440692958639315,0.2260451135494197,0
2021-01-28,2757.30419921875,3196.550048828125,3275.0,3183.800048828125,3230.0,3083938,-0.019778905271073177,3270.764334542411,3149.969063895089,0.013139807099775781,0.10667816907827365,0
2021-01-29,2683.811279296875,3111.35009765625,3216.85009765625,3100.0,3210.050048828125,5445659,-0.026653720376788703,3249.428641183036,3159.5904947916665,0.01474572718057982,0.7658133853534022,1
2021-02-01,2707.964111328125,3139.35009765625,3165.0,3044.10009765625,3100.0,3985846,0.00899930869916954,3225.221505301339,3172.7619280133927,0.013463249911306381,-0.26806911707104686,1
2021-02-02,2763.255615234375,3203.449951171875,3224.0,3150.0,3174.0,2881837,0.02041819214858509,3215.1643415178573,3185.8666875930057,0.01690417801142369,-0.2769823520527386,0
2021-02-03,2760.323486328125,3200.050048828125,3236.0,3162.64990234375,3213.0,2505866,-0.0010613252573233867,3200.4429059709823,3193.5143112909227,0.01613488480350274,-0.13046227111387632,0
2021-02-04,2750.31689453125,3188.449951171875,3237.85009765625,3176.0,3216.050048828125,2057261,-0.0036249738220494043,3185.7500348772323,3198.059547061012,0.016134444649629535,-0.17902194291314855,0
2021-02-05,2724.00830078125,3157.949951171875,3205.85009765625,3129.0,3198.949951171875,2366135,-0.00956577662095337,3171.0214494977677,3203.128592354911,0.01615355695332816,0.15013846079811954,1
2021-02-08,2772.4423828125,3214.10009765625,3226.0,3155.14990234375,3189.5,2526592,0.01778056883502499,3173.5285993303573,3211.7619280133927,0.01645485943197623,0.0678139666587072,0
2021-02-09,2740.353759765625,3176.89990234375,3245.800048828125,3164.0,3195.0,2658751,-0.011574062469189017,3182.8928571428573,3214.4285946800596,0.012835609683919978,0.05230721857743559,1
2021-02-10,2771.7529296875,3213.300048828125,3219.39990234375,3157.300048828125,3185.0,2127983,0.011457756807987884,3193.4571358816966,3216.1833612351193,0.013057147004760494,-0.1996305784182122,0
2021-02-11,2765.455322265625,3206.0,3219.300048828125,3185.050048828125,3215.0,1165882,-0.0022718229599465456,3193.8214285714284,3217.6666899181546,0.010740376108834422,-0.4521187434298113,0
2021-02-12,2752.34375,3190.800048828125,3245.5,3182.0,3184.199951171875,2777404,-0.0047410951877339125,3192.5,3219.1833612351193,0.01089916048927528,1.3822342226743358,0
2021-02-15,2708.394775390625,3139.85009765625,3209.0,3131.550048828125,3209.0,2630853,-0.015967766827190366,3185.5571637834823,3213.9047967819943,0.012408737435524791,-0.0527654601203138,0
2021-02-16,2681.611328125,3108.800048828125,3167.64990234375,3100.0,3150.0,3435770,-0.009889022680191761,3178.5357491629466,3207.9738420758927,0.012441596147879156,0.30595286015600265,0
2021-02-17,2650.817626953125,3073.10009765625,3132.85009765625,3045.550048828125,3105.10009765625,3678426,-0.01148351473596132,3158.392892020089,3200.8952752976193,0.009083007699536115,0.07062638069486615,0
2021-02-18,2637.232177734375,3057.35009765625,3097.89990234375,3031.0,3065.0,4189909,-0.0051251177961993966,3141.3143484933034,3191.2119489397323,0.008787400002699761,0.1390494195071479,1
2021-02-19,2649.7392578125,3071.85009765625,3087.14990234375,3016.14990234375,3058.0,3725028,0.00474266915362942,3121.1072126116073,3179.9286179315477,0.006771695794142028,-0.11095252904060682,0
2021-02-22,2551.922119140625,2958.449951171875,3096.0,2943.14990234375,3096.0,5366696,-0.03691591154493401,3085.742919921875,3164.9095633370534,0.013028762805478256,0.4407129288692595,1
2021-02-23,2570.6826171875,2980.199951171875,3028.0,2968.0,2970.0,3832829,0.007351822866357605,3055.6571916852677,3149.5333658854165,0.014739055770842623,-0.2858121645049394,0
2021-02-24,2542.994384765625,2948.10009765625,3003.35009765625,2921.14990234375,2972.0,3774549,-0.010771040212588012,3028.264334542411,3133.1905110677085,0.014494438106196009,-0.015205478772989833,1
2021-02-25,2583.708251953125,2995.300048828125,3029.89990234375,2968.449951171875,2974.0,4224073,0.016010294633278965,3012.050048828125,3120.5357491629466,0.01723706748223427,0.11909343341416423,0
2021-02-26,2496.586669921875,2894.300048828125,2972.35009765625,2880.0,2960.0,5553153,-0.03371949332405444,2986.5071847098216,3106.142892020089,0.020360390055675574,0.3146441834693672,1
2021-03-01,2522.377685546875,2924.199951171875,2965.0,2901.800048828125,2926.0,3265871,0.010330615982906188,2967.4857352120534,3097.230980282738,0.021570080438666234,-0.4118888854674092,1
2021-03-02,2593.239501953125,3006.35009765625,3025.0,2948.0,2960.0,3306469,0.02809320424598649,2958.128592354911,3090.8976469494046,0.025057060702608908,0.012430987016939676,1
2021-03-03,2638.7412109375,3059.10009765625,3064.0,2996.89990234375,3035.0,3509857,0.01754619331964169,2972.5071847098216,3084.0238444010415,0.02079181514765063,0.06151214482881895,0
2021-03-04,2630.633056640625,3049.699951171875,3081.449951171875,3016.050048828125,3023.0,3916760,-0.003072846976003518,2982.4357561383927,3076.8643159412204,0.020966006740812025,0.11593150376211914,0
2021-03-05,2594.7060546875,3008.050048828125,3063.199951171875,2996.60009765625,3016.10009765625,3203686,-0.013657049221430961,2991.0000348772323,3068.2738444010415,0.021318552240899413,-0.18205710842635237,0
2021-03-08,2593.75732421875,3006.949951171875,3033.0,2996.0,3016.0,2003125,-0.00036571786984684884,2992.664306640625,3061.0833682105654,0.020547172805924316,-0.3747436546527968,1
2021-03-09,2631.710693359375,3050.949951171875,3066.89990234375,2992.10009765625,3006.949951171875,1942397,0.014632767659751744,3015.0428641183034,3053.3143136160716,0.014171716274394196,-0.030316630265210587,1
2021-03-10,2648.963134765625,3070.949951171875,3093.199951171875,3060.0,3075.0,3053778,0.0065553353283680504,3036.007149832589,3048.2690778459823,0.014124184540743585,0.5721698499328407,0
2021-03-12,2637.749267578125,3057.949951171875,3117.0,3041.35009765625,3075.0,2938317,-0.0042332178012342014,3043.3785574776784,3040.8714541480654,0.011073179882361752,-0.037809231712324864,1
2021-03-15,2644.822509765625,3066.14990234375,3099.0,3041.0,3041.0,3097083,0.002681519090504514,3044.385672433036,3034.2119256882443,0.008919733638335025,0.05403297193597556,1
2021-03-16,2682.690185546875,3110.050048828125,3141.0,3060.0,3060.0,4894756,0.014317677831347408,3053.0071149553573,3030.3666875930057,0.010141454401294313,0.5804406920964016,1
2021-03-17,2685.191162109375,3112.949951171875,3155.0,3085.300048828125,3105.0,3838390,0.0009324294780537201,3067.9928152901784,3029.0857282366073,0.0072796442028283,-0.21581586497876504,0
2021-03-18,2619.2470703125,3036.5,3146.449951171875,2987.050048828125,3125.949951171875,3656306,-0.02455868304053377,3072.2142508370534,3025.642868768601,0.013391275168194649,-0.047437597534382925,1
2021-03-19,2631.064208984375,3050.199951171875,3099.0,3005.0,3030.0,5776626,0.004511757342952505,3072.107107979911,3024.5523856026784,0.012229930352306843,0.5799076991914791,1
2021-03-22,2699.5966796875,3129.64990234375,3139.449951171875,3018.64990234375,3048.699951171875,2821646,0.02604745670569919,3080.4928152901784,3027.9952334449404,0.015692330443077662,-0.5115408198488183,1
2021-03-23,2710.767578125,3142.60009765625,3169.0,3122.85009765625,3140.0,3305973,0.0041379054260355375,3092.585693359375,3031.364281063988,0.015381654619892682,0.17164697485084957,0
2021-03-24,2692.2216796875,3121.10009765625,3152.300048828125,3111.14990234375,3111.199951171875,2207104,-0.006841468634852577,3100.435721261161,3039.1095261346727,0.015930087602575527,-0.33238898200318034,0
2021-03-25,2643.701904296875,3064.85009765625,3130.85009765625,3050.0,3112.199951171875,3179786,-0.018022491506196836,3093.978585379464,3043.1404854910716,0.016655249194733057,0.4407051049701327,1
2021-03-26,2645.38330078125,3066.800048828125,3118.0,3043.050048828125,3090.64990234375,3697370,0.0006362305201699225,3087.3857421875,3048.7928641183034,0.016647019251799233,0.16277321807190792,1
2021-03-30,2724.525390625,3158.550048828125,3188.449951171875,3060.89990234375,3083.0,4694008,0.02991717703769403,3104.821463448661,3056.566673642113,0.017078230281131906,0.2695532229665951,1
2021-03-31,2741.173095703125,3177.85009765625,3205.0,3132.0,3155.0,3530069,0.0061104141234948894,3123.057198660714,3070.0690569196427,0.017069294420131935,-0.24796272183600876,0
2021-04-01,2730.089111328125,3165.0,3215.0,3145.0,3191.10009765625,4285076,-0.004043644999406126,3128.1072126116073,3081.5357259114585,0.014819236550765605,0.2138788221986596,1
2021-04-05,2793.833984375,3238.89990234375,3263.0,3151.0,3171.0,5317862,0.023349100266587763,3141.864327566964,3092.6095261346727,0.016969122784436255,0.24101929580712222,1
2021-04-06,2816.0888671875,3264.699951171875,3275.0,3230.0,3275.0,2291562,0.007965682671902119,3162.378592354911,3102.3999953497023,0.016234925781771662,-0.5690820859962142,1
2021-04-07,2821.868896484375,3271.39990234375,3277.550048828125,3234.800048828125,3259.0,2491268,0.0020522410243153377,3191.8857073102677,3112.9571358816966,0.012516192147994064,0.08714841666950313,1
2021-04-08,2861.50390625,3317.35009765625,3335.0,3266.050048828125,3270.0,2578118,0.014046034322975798,3227.6785714285716,3127.6857096354165,0.011960394102210796,0.03486176517339756,1
2021-04-09,2865.7314453125,3322.25,3354.35009765625,3308.0,3354.0,2911129,0.001477053129608441,3251.064278738839,3142.699997674851,0.00908351883594007,0.12916825374168295,0
2021-04-12,2800.433349609375,3246.550048828125,3338.10009765625,3213.199951171875,3322.25,3791828,-0.02278574796354127,3260.8785574776784,3152.0142880394346,0.014596422938155537,0.3025283317915488,0
2021-04-13,2677.5146484375,3104.050048828125,3214.0,3073.050048828125,3214.0,8654596,-0.0438927470258581,3252.1714215959823,3153.5904831659227,0.023140429253429323,1.2824336968870953,1
2021-04-15,2776.625244140625,3218.949951171875,3237.25,3087.449951171875,3160.300048828125,6062760,0.037016124268720585,3249.3214285714284,3161.257149832589,0.026078941224841702,-0.2994750997042497,0
2021-04-16,2756.096435546875,3195.14990234375,3247.0,3182.60009765625,3229.0,3224657,-0.007393730623074912,3239.3857073102677,3167.4000069754466,0.02588466199871223,-0.4681206249298999,0
2021-04-19,2727.328857421875,3161.800048828125,3189.0,3135.10009765625,3169.0,2679106,-0.010437649104087954,3223.728585379464,3169.8642926897323,0.02592625417060914,-0.1691810942993317,0
2021-04-20,2712.448974609375,3144.550048828125,3225.35009765625,3126.35009765625,3225.0,3141893,-0.005455752967804983,3199.0428641183034,3171.3690592447915,0.02460700480941851,0.17273933916761774,0
2021-04-22,2690.237548828125,3118.800048828125,3148.0,3105.25,3148.0,1988980,-0.008188770921167654,3169.978585379464,3175.288109188988,0.024298168327663707,-0.36694852434503655,0
2021-04-23,2682.216064453125,3109.5,3119.0,3091.050048828125,3105.0,1615309,-0.0029819317309615068,3150.4000069754466,3178.1119210379466,0.02353017502392843,-0.18787066737724867,0
2021-04-26,2674.71142578125,3100.800048828125,3153.0,3088.050048828125,3102.050048828125,2490260,-0.002797861769376131,3149.935721261161,3176.7381184895835,0.01656974242854878,0.5416616882590266,1
2021-04-27,2701.62353515625,3132.0,3136.10009765625,3103.0,3106.0,1471417,0.010061903599255295,3137.5142996651784,3176.233351934524,0.00674229970070016,-0.4091311750580261,0
2021-04-28,2694.8095703125,3124.10009765625,3151.0,3112.0,3149.949951171875,1639037,-0.00252231875598663,3127.364327566964,3176.3762090773807,0.0065689366024513675,0.11391740070965617,0
2021-04-29,2687.17578125,3115.25,3157.35009765625,3105.5,3145.60009765625,1621395,-0.0028328470214157297,3120.7143205915177,3178.7762044270835,0.005747844477655862,-0.010763637428563233,0
2021-04-30,2618.513916015625,3035.64990234375,3132.050048828125,3020.0,3099.0,3072305,-0.025551752718481646,3105.157156808036,3177.2928641183034,0.010639206140968456,0.8948528890245746,1
2021-05-03,2619.67822265625,3037.0,3055.0,3004.0,3024.89990234375,1545831,0.00044474748395972874,3093.471435546875,3171.5047665550596,0.010704556484693841,-0.49684975938261333,1
2021-05-04,2630.676025390625,3049.75,3090.0,3035.0,3062.800048828125,1990777,0.004198221929535784,3084.935721261161,3165.404761904762,0.011125054743453818,0.28783612180115425,1
2021-05-05,2670.311767578125,3095.699951171875,3099.39990234375,3052.39990234375,3070.0,1939289,0.015066792744282242,3084.2071358816966,3162.104759579613,0.012994666100381235,-0.025863268462514855,1
2021-05-06,2683.897705078125,3111.449951171875,3134.0,3074.0,3105.5,1791671,0.005087702376981973,3081.271414620536,3156.035714285714,0.01246771032141575,-0.07611965003668875,1
2021-05-07,2702.400146484375,3132.89990234375,3159.85009765625,3111.800048828125,3133.0,1912540,0.006893876330485771,3082.5285295758927,3149.759521484375,0.01276451050221872,0.06746160427891068,1
2021-05-10,2713.268798828125,3145.5,3164.199951171875,3125.0,3145.949951171875,2137153,0.004021864103230355,3086.8499581473216,3143.7642880394346,0.012731575480016025,0.11744224957386518,0
2021-05-11,2693.515380859375,3122.60009765625,3128.10009765625,3091.14990234375,3125.0,2415625,-0.007280210568669565,3099.271414620536,3134.490478515625,0.006732105611305064,0.1303004511141692,0
2021-05-12,2663.324951171875,3087.60009765625,3120.0,3070.60009765625,3120.0,1978558,-0.011208607860567876,3106.5,3123.316673642113,0.008875349547832156,-0.18093329883570508,0
2021-05-14,2632.18505859375,3051.5,3098.5,3040.0,3098.5,2043935,-0.011691960265078682,3106.75,3114.0285760788693,0.010261718120151647,0.033042751337084786,1
2021-05-17,2647.927978515625,3069.75,3075.199951171875,3036.0,3055.0,2890462,0.005980665246600125,3103.0428641183034,3112.395240420387,0.00847636291187106,0.4141653232612583,1
2021-05-18,2664.35986328125,3088.800048828125,3124.0,3078.0,3100.0,2098538,0.006205732984160051,3099.8071637834823,3106.1976260230654,0.008623210227821363,-0.2739783467141239,0
2021-05-19,2658.49462890625,3082.0,3118.0,3067.10009765625,3084.0,1986041,-0.0022015179748215985,3092.5357491629466,3100.8095354352677,0.007887400299462052,-0.053607320906269074,0
2021-05-20,2639.517578125,3060.0,3088.800048828125,3052.10009765625,3067.10009765625,2329027,-0.007138221933809197,3080.321463448661,3095.9619140625,0.00751310364353924,0.1726983481207085,1
2021-05-21,2657.20068359375,3080.5,3088.199951171875,3055.10009765625,3061.0,1685566,0.006699346405228734,3074.3071637834823,3092.911911737351,0.008284711556828351,-0.27627889243018655,1
2021-05-24,2658.063232421875,3081.5,3105.0,3072.0,3081.5,1652260,0.0003246226261970353,3073.435721261161,3091.135718936012,0.0072029512008554225,-0.01975953477941539,1
2021-05-25,2699.236572265625,3114.0,3128.25,3082.10009765625,3092.0,1841613,0.010546811617718754,3082.3642926897323,3091.3500046502977,0.006147480697165952,0.114602423347415,1
2021-05-26,2737.8095703125,3158.5,3165.0,3103.800048828125,3120.0,1923753,0.014290301862556198,3095.0428641183034,3094.0976213727677,0.0074928240762714825,0.044602204697729686,1
2021-05-27,2756.44580078125,3180.0,3217.75,3161.800048828125,3161.949951171875,5959785,0.00680702865284144,3108.0714285714284,3096.3833356584823,0.00752431686906066,2.097999067447848,0
2021-05-28,2724.89453125,3143.60009765625,3198.0,3135.64990234375,3189.5,1763701,-0.01144651017099052,3116.8714425223216,3097.3119070870534,0.009408566391109511,-0.7040663379635339,1
2021-05-31,2738.37255859375,3159.14990234375,3170.35009765625,3128.60009765625,3150.0,1652799,0.004946495802406137,3131.035714285714,3099.4023786272323,0.008310976714591127,-0.06288027279000241,0
2021-06-01,2733.04248046875,3153.0,3169.949951171875,3132.0,3168.60009765625,1377441,-0.0019466953243300056,3141.3928571428573,3104.990478515625,0.00858417157143227,-0.16660102045076264,0
2021-06-02,2712.62841796875,3129.449951171875,3159.449951171875,3115.0,3150.85009765625,2240078,-0.00746909255570094,3148.242850167411,3109.3928571428573,0.009500095502232558,0.6262605803079768,1
2021-06-03,2722.856201171875,3141.25,3154.550048828125,3122.64990234375,3154.550048828125,1281706,0.0037706462836084587,3152.1357073102677,3113.75,0.008835390448943,-0.4278297452142291,1
2021-06-04,2725.023681640625,3143.75,3156.85009765625,3125.0,3128.0,1836060,0.0007958615200955865,3150.028564453125,3116.0380975632443,0.006749157182813682,0.4325126042945886,1
2021-06-07,2759.21875,3183.199951171875,3190.449951171875,3133.60009765625,3145.0,2559821,0.012548692221669988,3150.4857003348216,3119.454764229911,0.00803308491674359,0.3941924555842402,1
2021-06-08,2773.911865234375,3200.14990234375,3231.0,3187.199951171875,3198.0,2574057,0.005324815101745317,3158.5642438616073,3122.6571451822915,0.006305870528742998,0.005561326358366481,1
2021-06-09,2773.998291015625,3200.25,3220.0,3186.199951171875,3202.0,1710925,3.127905232713779e-05,3164.4356863839284,3125.2642880394346,0.006270340001869963,-0.335319691832776,1
2021-06-10,2788.34375,3216.800048828125,3224.0,3193.0,3210.0,1874324,0.0051714862364269365,3173.549979073661,3129.75,0.00612464181722185,0.09550330961322095,1
2021-06-11,2837.751708984375,3273.800048828125,3309.0,3211.0,3211.550048828125,3452954,0.01771947249900263,3194.1714215959823,3138.6166643415177,0.006421804739984554,0.8422396554704523,1
2021-06-14,2839.962646484375,3276.35009765625,3308.699951171875,3270.35009765625,3279.0,1847360,0.0007789262600315094,3213.471435546875,3149.3238118489585,0.006724611509498162,-0.4649914247337208,0
2021-06-15,2828.174072265625,3262.75,3298.0,3251.550048828125,3298.0,1304985,-0.00415099035538935,3230.471435546875,3158.5142880394346,0.0075752859955018825,-0.29359464316646455,1
2021-06-16,2838.22900390625,3274.35009765625,3294.699951171875,3253.0,3262.10009765625,1635552,0.003555313050723985,3243.4928850446427,3167.3500046502977,0.006880981538264588,0.25331095759721367,1
2021-06-17,2875.848876953125,3317.75,3336.050048828125,3260.0,3265.5,2273413,0.013254508848890456,3260.292898995536,3178.576195126488,0.007724641026178235,0.38999738314648513,0
2021-06-18,2858.122314453125,3297.300048828125,3358.0,3275.0,3350.89990234375,3380431,-0.006163801121806922,3274.1571916852677,3189.876197451637,0.008707154605775978,0.4869410001614314,0
2021-06-21,2837.145751953125,3273.10009765625,3286.0,3251.699951171875,3265.0,1130569,-0.007339323329242031,3282.2000558035716,3199.047630673363,0.009725170072944484,-0.6655547768908758,1
2021-06-22,2861.5029296875,3301.199951171875,3327.050048828125,3285.0,3304.0,1708688,0.008585088349649439,3286.114327566964,3209.5095331101193,0.007760500158232215,0.5113522482926738,0
2021-06-23,2827.00341796875,3261.39990234375,3329.0,3256.39990234375,3329.0,1467104,-0.01205623694923319,3283.978585379464,3216.5285760788693,0.00925389328484949,-0.14138567134550017,1
2021-06-24,2924.25927734375,3373.60009765625,3383.0,3278.5,3284.0,4155204,0.03440246479184261,3299.8143136160716,3226.771437872024,0.015891839936658762,1.8322491111741228,1
2021-06-25,2930.500732421875,3380.800048828125,3399.64990234375,3350.0,3375.25,2722861,0.0021342041034670967,3315.0214494977677,3236.3333449590773,0.015920799957699017,-0.34471063273909053,0
2021-06-28,2892.317626953125,3336.75,3391.5,3333.0,3391.5,1355238,-0.013029474737316638,3317.7357352120534,3245.530959356399,0.0166466679202061,-0.502274262255767,1
2021-06-29,2895.871826171875,3340.85009765625,3366.300048828125,3326.5,3342.0,1497322,0.001228769807821939,3323.9571707589284,3254.183349609375,0.016353292202430213,0.10484062577938347,1
2021-06-30,2900.11962890625,3345.75,3382.0,3338.5,3346.0,1693146,0.0014666633343374258,3334.3357282366073,3263.3619210379466,0.015846934667860548,0.13078282426892818,0
2021-07-01,2896.434814453125,3341.5,3362.0,3332.35009765625,3358.0,990310,-0.0012702682507659269,3340.0928780691966,3273.459542410714,0.01573104202283178,-0.41510655312654665,0
2021-07-02,2882.52294921875,3325.449951171875,3339.699951171875,3295.199951171875,3331.0,1682274,-0.004803246694037089,3349.2428850446427,3282.2309686569943,0.014879036349788701,0.6987347396269854,0
2021-07-05,2878.665283203125,3321.0,3374.0,3302.0,3342.0,1972858,-0.0013381500961416881,3341.728585379464,3290.6714448474704,0.005317289722483172,0.17273286040205105,0
2021-07-06,2827.78369140625,3262.300048828125,3328.0,3256.10009765625,3313.0,2159420,-0.017675384273374006,3324.8000139508927,3294.4381161644346,0.007450800443098827,0.09456433255713281,1
2021-07-07,2838.748779296875,3274.949951171875,3282.699951171875,3241.60009765625,3275.0,2640710,0.003877602352454934,3315.971435546875,3298.000023251488,0.00717198756109976,0.22287929166165,0
2021-07-08,2824.48974609375,3258.5,3298.0,3231.89990234375,3298.0,2485811,-0.005022962615348847,3304.2071358816966,3300.7738327752977,0.006996324719395939,-0.05865808816568274,0
2021-07-09,2780.846435546875,3208.14990234375,3282.0,3201.0,3250.0,6365067,-0.015451925013426404,3284.549979073661,3300.3619210379466,0.007849589215851436,1.5605595115638318,0
2021-07-12,2767.80126953125,3193.10009765625,3236.0,3188.35009765625,3235.0,1892226,-0.004691116420870833,3263.3499930245534,3296.519066220238,0.007612225938957114,-0.7027170334577781,0
2021-07-13,2762.990234375,3187.550048828125,3214.0,3175.0,3214.0,1809339,-0.0017381380659500234,3243.6500069754466,3292.2904924665177,0.0078079486545217765,-0.04380396421991872,1
2021-07-14,2786.3935546875,3214.550048828125,3222.0,3185.0,3187.0,2044279,0.008470455235652263,3228.44287109375,3289.9952566964284,0.00948519727385182,0.12984852479275588,0
2021-07-15,2782.397705078125,3202.949951171875,3231.85009765625,3194.0,3227.60009765625,2232968,-0.003608622507053183,3219.964285714286,3286.5952497209823,0.007546409201799672,0.09230100196695257,0
2021-07-16,2775.31787109375,3194.800048828125,3219.85009765625,3192.0,3213.0,1256526,-0.0025444988114060596,3208.5142996651784,3280.7404901413693,0.0069988849808726265,-0.43728436771149426,0
2021-07-19,2766.45751953125,3184.60009765625,3199.800048828125,3176.0,3180.0,1597058,-0.003192672785771511,3197.9571707589284,3275.373825799851,0.006967163583310268,0.27101070729933174,1
2021-07-20,2784.87353515625,3205.800048828125,3215.0,3156.14990234375,3184.60009765625,1811945,0.006657021453801093,3197.6214773995534,3272.1690615699404,0.005334199827686641,0.13455178208931673,1
2021-07-22,2794.038330078125,3216.35009765625,3224.949951171875,3190.0,3190.0,2859334,0.003290925406274736,3200.9429059709823,3268.128592354911,0.005031910328423885,0.5780467950186126,0
2021-07-23,2790.997802734375,3212.85009765625,3241.550048828125,3206.64990234375,3230.0,1776193,-0.001088189996030109,3204.557198660714,3265.816696893601,0.004977640142532313,-0.37880884149945404,0
2021-07-26,2777.707763671875,3197.550048828125,3224.25,3190.85009765625,3200.0,1259611,-0.004762142136443326,3202.1286272321427,3257.4333612351193,0.004178582304230644,-0.2908366376852065,0
2021-07-27,2765.024169921875,3182.949951171875,3210.0,3161.14990234375,3200.0,1121367,-0.00456602631180103,3199.271484375,3248.0119280133927,0.004301611841855013,-0.10975134386727325,1
2021-07-28,2777.923583984375,3197.800048828125,3204.449951171875,3132.39990234375,3188.0,1660654,0.004665514030713025,3199.7000558035716,3241.395263671875,0.004684601215074863,0.48091927085423425,0
2021-07-29,2776.186767578125,3195.800048828125,3225.449951171875,3190.300048828125,3200.25,1731997,-0.0006254299735635183,3201.300048828125,3234.4881184895835,0.004475724403971681,0.04296078532915337,0
2021-07-30,2751.559326171875,3167.449951171875,3223.5,3162.35009765625,3219.0,2999943,-0.008871048633548151,3195.821463448661,3225.9976399739585,0.004760469565650175,0.7320717068216631,1
2021-08-02,2796.68798828125,3219.39990234375,3224.89990234375,3167.0,3180.0,2608669,0.016401190854698378,3196.257149832589,3220.183349609375,0.00831036801271454,-0.13042714478241757,1
2021-08-03,2853.58740234375,3284.89990234375,3290.0,3218.949951171875,3229.0,3804735,0.02034540659341988,3206.549979073661,3218.252394903274,0.011213311433789931,0.4584966509741175,0
2021-08-04,2844.0751953125,3273.949951171875,3305.199951171875,3261.199951171875,3300.0,2929598,-0.0033334200424378624,3217.4642508370534,3216.011916387649,0.011055555609941835,-0.23001260271740342,1
2021-08-05,2852.76220703125,3283.949951171875,3315.0,3262.5,3275.0,2534521,0.0030544144379545113,3231.892822265625,3217.0428641183034,0.01049799300820916,-0.13485706912689044,1
2021-08-06,2875.218017578125,3309.800048828125,3324.0,3265.0,3272.550048828125,2292362,0.007871647875457244,3247.892822265625,3218.702392578125,0.010575081806604126,-0.09554428627736755,1
2021-08-09,2886.424072265625,3322.699951171875,3337.0,3310.0,3323.89990234375,1510489,0.003897486903572167,3266.0213797433034,3221.7595331101193,0.010310552855752383,-0.34107745635287967,1
2021-08-10,2896.1533203125,3333.89990234375,3349.89990234375,3315.60009765625,3315.60009765625,2040777,0.003370738055335165,3289.7999441964284,3227.747628348214,0.008280651284682016,0.35107041494509383,1
2021-08-11,2905.1015625,3344.199951171875,3360.0,3327.10009765625,3350.0,1929707,0.0030894895257305155,3307.6285226004466,3234.9428594680057,0.007336295788885299,-0.05442534877647087,1
2021-08-12,2911.659912109375,3351.75,3368.0,3326.0,3326.0,1310205,0.0022576547270982683,3317.178536551339,3242.7619047619046,0.003297992600813575,-0.3210342295488382,1
2021-08-13,3008.650390625,3463.39990234375,3480.0,3357.5,3360.75,4363584,0.0333109278268815,3344.2428152901784,3254.6118977864585,0.011257315343221441,2.330458973977355,1
2021-08-16,3016.9462890625,3472.949951171875,3494.35009765625,3436.5,3460.0,2083489,0.002757420193279625,3371.2428152901784,3267.469040643601,0.011280133313921527,-0.5225280411698274,1
2021-08-17,3086.529052734375,3553.050048828125,3560.800048828125,3463.0,3482.10009765625,4336019,0.02306399423614547,3405.9928152901784,3284.528564453125,0.012615947267179215,1.0811336176960857,1
2021-08-18,3093.0439453125,3560.550048828125,3595.0,3536.60009765625,3573.85009765625,2631309,0.00211086246940817,3439.9714006696427,3302.4309430803573,0.012782844739071368,-0.39315095252119514,0
2021-08-20,3092.13232421875,3559.5,3575.0,3500.0,3506.0,2836148,-0.0002949119697026603,3472.1999860491073,3319.2737978980654,0.013168678063214532,0.07784680552531076,1
2021-08-23,3159.803955078125,3637.39990234375,3673.0,3561.89990234375,3580.0,3744176,0.021885068785995276,3514.085693359375,3339.3237885974704,0.013561038722085318,0.32016241747609797,0
2021-08-24,3138.78125,3613.199951171875,3667.35009765625,3594.39990234375,3657.0,2511141,-0.006653090620110769,3551.4356863839284,3358.3880673363096,0.014988160432903958,-0.32932079047566143,1
2021-08-25,3178.567626953125,3659.0,3697.75,3607.050048828125,3610.0,2123263,0.01267575817753186,3579.3785574776784,3380.3618745349704,0.011454529114630572,-0.15446285174747254,1
2021-08-26,3189.73095703125,3671.85009765625,3687.60009765625,3647.89990234375,3660.0,1902533,0.0035119151834517304,3607.7928641183034,3403.6428338913693,0.011401114163347945,-0.10395791760135231,1
2021-08-27,3231.688720703125,3720.14990234375,3729.5,3651.10009765625,3666.0,3944728,0.013154078571543604,3631.6642717633927,3428.5166364397323,0.009715724513947541,1.0734084507338375,0
2021-08-30,3215.3134765625,3701.300048828125,3740.35009765625,3687.60009765625,3715.0,2033114,-0.005066960743638105,3651.771414620536,3452.588065011161,0.010609479006324146,-0.4845996986357488,1
2021-08-31,3289.28369140625,3786.449951171875,3804.10009765625,3703.449951171875,3709.39990234375,3207480,0.02300540383660854,3684.1928362165177,3482.064255487351,0.012013378724396976,0.5776193563174519,0
2021-09-01,3227.171875,3714.949951171875,3816.699951171875,3707.0,3796.0,2643336,-0.018883122957394805,3695.271414620536,3505.6618768601193,0.014342558231059942,-0.17588387145048445,1
2021-09-02,3332.979248046875,3836.75,3859.14990234375,3722.0,3734.0,3403717,0.032786457537524294,3727.2071358816966,3531.940452938988,0.01730948730589798,0.28765960891842735,1
2021-09-03,3337.583251953125,3842.050048828125,3856.89990234375,3804.550048828125,3825.0,1746812,0.001381390194337584,3753.3571428571427,3558.9928385416665,0.017407647700403643,-0.48679282090726106,1
2021-09-06,3346.2265625,3852.0,3877.60009765625,3814.0,3849.699951171875,1723693,0.0025897505356313744,3779.092843191964,3586.0428408668154,0.01744301934812612,-0.013234967472172121,0
2021-09-07,3314.8662109375,3815.89990234375,3869.949951171875,3808.25,3864.0,1585039,-0.009371780284592401,3792.771414620536,3610.1428338913693,0.018179731776328208,-0.08044007836662326,0
2021-09-08,3278.597900390625,3774.14990234375,3815.0,3756.0,3810.0,4147175,-0.010941062676816271,3803.178536551339,3631.640450613839,0.01878162179852835,1.616449816061308,1
2021-09-09,3293.583740234375,3791.39990234375,3808.699951171875,3765.0,3789.699951171875,1441148,0.004570565676071281,3803.885672433036,3653.4261648995534,0.016672916656827425,-0.6524988697125151,1
2021-09-13,3340.449951171875,3845.35009765625,3852.39990234375,3767.0,3767.0,1691473,0.01422962407082129,3822.5142647879466,3677.290457589286,0.01492770474028442,0.17369832938740504,1
2021-09-14,3375.67529296875,3885.89990234375,3896.5,3825.0,3849.949951171875,1991188,0.010545152887955656,3829.5356794084823,3702.7261672247023,0.009368104625079327,0.1771917139676482,1
2021-09-15,3435.311767578125,3954.550048828125,3980.0,3866.0,3882.10009765625,2461369,0.017666473200446786,3845.607107979911,3726.1142694382443,0.011093343928083898,0.2361308927132948,0
2021-09-16,3390.790771484375,3903.300048828125,3981.75,3892.10009765625,3930.0,2946666,-0.012959755058653766,3852.9356863839284,3746.607131231399,0.012878940040192846,0.19716547986100408,0
2021-09-17,3325.248046875,3827.85009765625,3945.0,3805.0,3920.0,6477148,-0.019329785112094378,3854.6428571428573,3759.692847842262,0.014753174700663408,1.1981276466352142,0
2021-09-20,3321.46875,3823.5,3871.0,3807.85009765625,3809.0,2002008,-0.0011364336495082172,3861.69287109375,3772.2142740885415,0.013923578621499576,-0.6909121113181296,1
2021-09-21,3355.73828125,3862.949951171875,3871.550048828125,3821.64990234375,3858.0,1568129,0.01031775890463571,3871.914306640625,3786.6642717633927,0.014269635717522142,-0.21672191120115403,0
2021-09-22,3355.043701171875,3862.14990234375,3896.85009765625,3852.449951171875,3862.5,1744067,-0.00020710825618708295,3874.314278738839,3797.366652715774,0.013349569696438095,0.1121961267217173,1
2021-09-23,3361.211669921875,3869.25,3879.0,3835.0,3870.0,2003869,0.0018383796164775923,3871.935721261161,3809.5595121837796,0.012667517792121014,0.14896331390938533,1
2021-09-24,3362.992431640625,3871.300048828125,3944.39990234375,3855.0,3890.0,2320754,0.0005298310597983136,3860.0428641183034,3819.6690383184523,0.009919372071463234,0.1581365847767493,0
2021-09-27,3333.152587890625,3836.949951171875,3904.0,3802.89990234375,3900.0,1673362,-0.008873013515614203,3850.564278738839,3827.530936104911,0.009338197048872334,-0.27895761463731183,0
2021-09-28,3282.94189453125,3779.14990234375,3850.0,3751.25,3850.0,2253075,-0.015064061184971056,3843.607107979911,3830.3404599144346,0.008108087109977808,0.34643609691148725,1
2021-09-29,3294.01806640625,3791.89990234375,3806.0,3722.14990234375,3759.800048828125,2489161,0.0033737746131987656,3839.0928083147323,3834.654738653274,0.008345269997598612,0.10478390643897795,0
2021-09-30,3279.814453125,3775.550048828125,3805.0,3750.10009765625,3805.0,2252412,-0.004311784049341405,3826.607107979911,3834.135695684524,0.00665369362295001,-0.0951119674460591,0
2021-10-01,3240.418701171875,3730.199951171875,3810.0,3725.0,3781.75,1578374,-0.012011520724066638,3807.7571149553573,3834.861886160714,0.007226687334769764,-0.29925164667920434,1
2021-10-04,3277.860107421875,3773.300048828125,3783.64990234375,3707.449951171875,3724.800048828125,1356860,0.011554366580995179,3794.049979073661,3831.8404599144346,0.009361365359483684,-0.14034316328069263,1
2021-10-05,3329.98193359375,3833.300048828125,3840.0,3741.60009765625,3754.0,1877966,0.015901200334872412,3788.621407645089,3831.4237932477677,0.011927223625856511,0.38405288681219885,0
2021-10-06,3310.52294921875,3810.89990234375,3857.449951171875,3795.0,3836.0,1678154,-0.005843567213378753,3784.899972098214,3829.4666457403273,0.011660623939191027,-0.10639809240422882,1
2021-10-07,3381.75634765625,3892.89990234375,3899.0,3820.050048828125,3830.0,1647233,0.02151722745317164,3801.149972098214,3833.1333124069943,0.012433986218064925,-0.018425603371323485,1
2021-10-08,3418.8935546875,3935.64990234375,3989.89990234375,3900.0,3925.0,2934339,0.01098153075404329,3821.6856863839284,3840.8237885974704,0.012668645858708886,0.7813745839234645,0
2021-10-11,3201.67529296875,3685.60009765625,3757.5,3660.0,3755.0,11845402,-0.06353456503806165,3808.835693359375,3835.7857026599704,0.029210051000151747,3.0368212398090337,0
2021-10-12,3173.225830078125,3652.85009765625,3707.0,3630.60009765625,3706.0,5752877,-0.008885934212131796,3797.785714285714,3826.6190359933034,0.029074021444995494,-0.5143367021228997,1
2021-10-13,3175.266845703125,3655.199951171875,3675.449951171875,3645.0,3650.0,3545655,0.0006432931691153776,3780.9142717633927,3815.633324032738,0.02847401072807558,-0.38367272583787204,0
2021-10-14,3143.28125,3611.449951171875,3670.0,3608.199951171875,3625.0,6442299,-0.011969249448576247,3749.2214006696427,3799.2952241443454,0.027115123570395642,0.8169559644127813,1
2021-10-18,3174.353515625,3647.14990234375,3652.699951171875,3601.449951171875,3603.449951171875,3590107,0.009885212768985241,3725.828543526786,3787.0975981212796,0.027976693248823646,-0.44272890780139207,0
2021-10-19,3163.0380859375,3634.14990234375,3690.10009765625,3625.199951171875,3669.0,3135441,-0.0035644271137980077,3688.8642578125,3777.873779296875,0.025362718836369813,-0.12664413623326543,0
2021-10-20,3141.017822265625,3608.85009765625,3630.0,3578.300048828125,3612.0,2933693,-0.0069616844014011026,3642.1785714285716,3767.6523553757443,0.023807727122095983,-0.06434437771273638,0
2021-10-21,3074.565673828125,3532.5,3607.449951171875,3511.25,3604.10009765625,4871211,-0.021156350524460743,3620.30712890625,3751.9166434151784,0.009806508770211761,0.6604365214765144,0
2021-10-22,3045.27783203125,3498.85009765625,3561.60009765625,3485.0,3560.0,2691670,-0.009525803918966735,3598.30712890625,3734.616652715774,0.009840801129024116,-0.4474330920996853,0
2021-10-25,3040.142333984375,3492.949951171875,3514.550048828125,3450.0,3503.0,2595594,-0.0016863101646815704,3575.1285574776784,3716.6976027715773,0.00961175931355898,-0.03569382576616009,0
2021-10-26,3031.134521484375,3482.60009765625,3529.0,3475.0,3494.5,3878763,-0.002963069514395067,3556.721435546875,3698.1880812872023,0.009345085468726906,0.4943642958028105,1
2021-10-27,3037.357421875,3489.75,3511.25,3483.0,3483.0,2510813,0.0020530357041457226,3534.2357352120534,3681.6547502790177,0.007541221458175042,-0.35267687146649584,0
2021-10-28,2978.0859375,3421.64990234375,3518.0,3415.0,3518.0,2424942,-0.01951431983845553,3503.878592354911,3664.6309407552085,0.008882177065374997,-0.03420047610076893,0
2021-10-29,2957.28369140625,3397.75,3461.0,3385.949951171875,3400.050048828125,3960501,-0.006984905827851939,3473.721435546875,3645.8618977864585,0.008881495242103389,0.6332353516084097,1
2021-11-01,3025.73779296875,3476.39990234375,3487.0,3412.949951171875,3437.949951171875,2020718,0.02314764251158863,3465.7071358816966,3631.616652715774,0.013151584616983033,-0.48978222704652774,1
2021-11-02,3032.527587890625,3484.199951171875,3513.60009765625,3469.75,3494.0,3087414,0.0022437144883320492,3463.6142578125,3619.902367001488,0.012808352776394994,0.5278796942472923,1
2021-11-03,3039.53271484375,3492.25,3519.89990234375,3466.050048828125,3504.199951171875,1537639,0.0023104439874115368,3463.5142647879466,3606.5190313430057,0.012837223602404363,-0.5019653988742683,1
2021-11-04,3053.807373046875,3508.64990234375,3513.25,3505.0,3512.949951171875,328991,0.004696084857541694,3467.235665457589,3591.059500558036,0.012864801693528714,-0.7860414570650198,0
2021-11-08,3048.672119140625,3502.75,3548.0,3481.199951171875,3548.0,2526082,-0.001681530647959173,3469.0928083147323,3576.385695684524,0.012897826103037614,6.6782708341565575,1
2021-11-09,3051.23974609375,3505.699951171875,3535.0,3496.0,3508.0,1782692,0.0008421814779457915,3481.0999581473216,3557.9476027715773,0.009436617569466135,-0.294285775362795,0
2021-11-10,3032.614013671875,3484.300048828125,3519.699951171875,3480.199951171875,3498.0,1516489,-0.006104316582084102,3493.4642508370534,3536.4547526041665,0.009277920489303225,-0.14932641196572372,1
2021-11-11,3036.008544921875,3488.199951171875,3510.050048828125,3436.0,3480.0,1284514,0.0011192785607145872,3495.149972098214,3527.0547456287204,0.0034833235574139015,-0.1529684686140157,1
2021-11-12,3068.95166015625,3526.050048828125,3534.14990234375,3485.699951171875,3506.0,1747259,0.010850896790917552,3501.1285574776784,3521.016648065476,0.005267838690196472,0.36024909031742736,1
2021-11-15,3092.66943359375,3553.300048828125,3569.60009765625,3528.0,3528.0,1809157,0.00772819433151728,3509.8499930245534,3516.1642717633927,0.00574555121040582,0.035425772595820026,1
2021-11-16,3095.3671875,3556.39990234375,3575.550048828125,3542.0,3569.0,2013204,0.0008723872099254404,3516.6714215959823,3513.5428408668154,0.005682605889994249,0.11278567863375044,0
2021-11-17,3065.339599609375,3521.89990234375,3562.85009765625,3506.39990234375,3550.60009765625,1632914,-0.009700821321377173,3519.4071219308034,3507.5785551525296,0.007153858960707605,-0.18889789609001373,0
2021-11-18,3025.12890625,3475.699951171875,3520.85009765625,3451.60009765625,3515.14990234375,2136598,-0.013117905804514773,3515.121407645089,3500.0333193824404,0.008878466901218194,0.30845715083586756,0
2021-11-22,3010.071044921875,3458.39990234375,3515.949951171875,3440.300048828125,3478.39990234375,3167936,-0.004977428739869283,3511.42138671875,3492.8690243675596,0.008784293946584705,0.4827010041196331,1
2021-11-23,3015.1630859375,3464.25,3480.949951171875,3407.800048828125,3445.0,2153461,0.001691561942355202,3507.9999651227677,3489.6190243675596,0.008810279534894671,-0.32023216378108643,0
2021-11-24,2996.92919921875,3443.300048828125,3493.050048828125,3424.0,3472.199951171875,2161746,-0.006047470930756971,3496.178536551339,3486.9737839471727,0.007206948128223931,0.003847295121667038,1
2021-11-25,2999.191650390625,3445.89990234375,3463.0,3434.050048828125,3443.89990234375,1849619,0.0007550470417208022,3480.8356584821427,3484.7333054315477,0.00575350681311197,-0.14438652829703402,1
2021-11-26,3000.019287109375,3446.85009765625,3490.0,3411.89990234375,3425.0,1941251,0.00027574663786777975,3465.1856863839284,3483.0309244791665,0.005666828495910317,0.04954101358171603,1
2021-11-29,3048.01904296875,3502.0,3529.35009765625,3406.449951171875,3447.14990234375,2981745,0.016000087262643126,3462.342843191964,3483.6142578125,0.009025327977308198,0.5359914817815934,1
2021-11-30,3071.649658203125,3529.14990234375,3563.75,3491.0,3491.0,5588446,0.007752684849728686,3469.9785505022323,3488.7333054315477,0.007603286202579249,0.8742199618008917,1
2021-12-01,3113.9931640625,3577.800048828125,3590.0,3535.0,3535.0,2102118,0.013785230956629535,3487.035714285714,3497.3071172805057,0.007947762178735038,-0.623845698786389,1
2021-12-02,3170.653564453125,3642.89990234375,3648.0,3574.10009765625,3589.199951171875,3152938,0.018195497967234964,3512.55712890625,3505.2356887090773,0.009192180448400407,0.4998863051455722,0
2021-12-03,3168.521728515625,3640.449951171875,3665.949951171875,3630.85009765625,3646.449951171875,2486263,-0.0006725277217468628,3540.7214006696427,3512.6761648995534,0.008050306458385767,-0.21144564212807226,0
2021-12-06,3077.9599609375,3536.39990234375,3658.0,3522.0,3640.449951171875,1849642,-0.028581645187741422,3553.649972098214,3514.778541201637,0.016085150612245296,-0.2560553730639116,1
2021-12-07,3119.824462890625,3584.5,3598.0,3524.300048828125,3562.5,1484458,0.013601430546463789,3573.3142438616073,3518.390450613839,0.016381300239061536,-0.19743496309015474,1
2021-12-08,3156.72802734375,3626.89990234375,3646.449951171875,3601.0,3601.0,1428660,0.011828679688589805,3591.1570870535716,3524.3023507254466,0.016017076981069075,-0.037588129808994286,0
2021-12-09,3134.837646484375,3601.75,3634.75,3566.0,3610.0,1567957,-0.006934269767825074,3601.5285295758927,3528.8761625744046,0.016568698916151408,0.09750185488499707,1
2021-12-10,3165.3447265625,3636.800048828125,3642.0,3575.10009765625,3585.0,1510718,0.009731394135663152,3609.957101004464,3536.1380673363096,0.016196867469907034,-0.03650546539222699,0
2021-12-13,3141.714599609375,3609.64990234375,3662.0,3601.699951171875,3650.0,1883864,-0.00746539433563953,3605.207101004464,3541.9213983444943,0.014891231965149918,0.24699910903292333,1
2021-12-14,3154.02978515625,3623.800048828125,3635.0,3576.699951171875,3605.0,1747007,0.003920088337427741,3602.828543526786,3546.5761602492557,0.015019641643378285,-0.07264696389972947,0
2021-12-15,3107.5087890625,3570.35009765625,3623.0,3558.14990234375,3620.0,1603233,-0.014749696575880322,3607.6785714285716,3547.3880673363096,0.011122505051924459,-0.08229732336504658,1
2021-12-16,3117.30078125,3581.60009765625,3608.449951171875,3570.0,3582.0,2072320,0.0031509515011944877,3607.2642996651784,3548.5880766369046,0.009842464742532276,0.2925881640410346,1
2021-12-17,3119.69384765625,3584.35009765625,3651.35009765625,3573.699951171875,3602.5,4333992,0.0007678132468780241,3601.1857561383927,3551.5618954613096,0.008394454720480135,1.0913719888820261,0
2021-12-20,3095.80224609375,3556.89990234375,3606.0,3510.14990234375,3589.0,2312310,-0.007658346580165065,3594.7785993303573,3555.4285598028273,0.008474442172712872,-0.46647109639334816,1
2021-12-21,3140.53955078125,3608.300048828125,3641.199951171875,3566.39990234375,3582.64990234375,2340989,0.014450827376532471,3590.7071707589284,3562.5666620163693,0.009647376803925203,0.012402748766385141,1
2021-12-22,3160.079345703125,3630.75,3636.800048828125,3606.25,3624.0,1224328,0.006221752866468533,3593.7214704241073,3570.4952334449404,0.009524564229966281,-0.477003950039919,1
2021-12-23,3187.886962890625,3662.699951171875,3670.5,3630.0,3648.0,1792861,0.008799821296392007,3599.2785993303573,3580.942847842262,0.009953748171962193,0.46436330787174684,1
2021-12-24,3195.02392578125,3670.89990234375,3705.0,3644.800048828125,3685.0,2209923,0.002238772293988056,3613.6428571428573,3591.6571335565477,0.00692075417878862,0.23262372264219033,1
2021-12-27,3216.957763671875,3696.10009765625,3700.0,3653.10009765625,3671.0,1534135,0.006864854935546116,3630.0,3603.5261811755954,0.006987217438672779,-0.30579707980775805,1
2021-12-28,3226.052734375,3706.550048828125,3725.0,3693.85009765625,3710.0,1456218,0.0028272911706317405,3647.4571358816966,3613.2666596912204,0.006844473574887908,-0.05078888103067858,0
2021-12-29,3215.73876953125,3694.699951171875,3719.949951171875,3685.0,3692.25,1456923,-0.0031970693772221948,3667.1428571428573,3621.1499953497023,0.005579658814770416,0.00048413081008469305,1
2021-12-30,3249.726318359375,3733.75,3740.0,3680.0,3681.35009765625,1966475,0.010569207065309616,3685.064278738839,3628.5761835007443,0.004652900548418891,0.3497453194163316,1
2021-12-31,3253.729736328125,3738.35009765625,3760.0,3731.300048828125,3742.800048828125,1207141,0.0012320315115501579,3700.435721261161,3633.1214308965773,0.00479725993193714,-0.3861396661539048,1
2022-01-03,3322.837158203125,3817.75,3830.0,3745.0,3750.0,2346158,0.021239290133240774,3722.5857282366073,3641.5642903645835,0.008014433257546092,0.9435658303379639,1
2022-01-04,3381.15185546875,3884.75,3889.14990234375,3811.699951171875,3831.10009765625,2488606,0.017549603824241977,3753.1357421875,3658.152390252976,0.008870659056203363,0.06071543348742914,0
2022-01-05,3360.436767578125,3860.949951171875,3870.0,3812.39990234375,3865.0,1733031,-0.006126532937286822,3776.685721261161,3671.316673642113,0.010410884994491502,-0.30361375002712365,0
2022-01-06,3313.87255859375,3807.449951171875,3835.0,3772.0,3812.0,1810293,-0.013856693476112403,3791.0999930245534,3679.9142950148807,0.012940615916992316,0.044582006900049764,1
2022-01-07,3353.952880859375,3853.5,3864.89990234375,3796.39990234375,3820.0,2460591,0.012094722036714245,3813.785714285714,3691.902390252976,0.012830022580861694,0.35922251259878935,1
2022-01-10,3376.886962890625,3879.85009765625,3978.0,3861.0,3978.0,3937092,0.006837964877708602,3834.657156808036,3703.4762021019346,0.012690157022071658,0.600059497901114,1
2022-01-11,3408.263916015625,3915.89990234375,3925.0,3856.0,3856.0,1906106,0.00929154575051161,3860.021414620536,3718.0595354352677,0.012596548558639486,-0.5158594211158896,0
2022-01-12,3359.523193359375,3859.89990234375,3929.0,3836.550048828125,3925.0,3203744,-0.014300671977463653,3866.0428292410716,3729.3023856026784,0.012926415135254362,0.6807795579049645,1
2022-01-13,3392.59765625,3897.89990234375,3923.0,3857.0,3918.0,6684507,0.009844814881579289,3867.92138671875,3744.8999953497023,0.011606737133768428,1.0864672707931722,1
2022-01-14,3453.739990234375,3968.14990234375,3977.0,3860.050048828125,3877.85009765625,3348123,0.018022525400859912,3883.235665457589,3763.30712890625,0.012820215702122292,-0.4991219247732106,1
2022-01-17,3498.128662109375,4019.14990234375,4043.0,3962.300048828125,3992.699951171875,3442604,0.012852337047518647,3913.478515625,3784.0118815104165,0.010362124103099358,0.028219094698731295,0
2022-01-18,3473.279541015625,3990.60009765625,4041.699951171875,3980.0,4033.949951171875,2389041,-0.00710344360902071,3933.0642438616073,3804.6642717633927,0.011514440668652126,-0.30603665132556634,0
2022-01-19,3413.162353515625,3914.64990234375,4012.0,3910.5,4012.0,3102539,-0.019032274207858357,3938.03564453125,3819.2523600260415,0.014590784805631227,0.2986545647395755,0
2022-01-20,3336.3486328125,3826.550048828125,3920.0,3811.0,3910.0,6176776,-0.02250516794947066,3925.2713797433034,3828.576171875,0.01653303752345853,0.9908777939616553,1
2022-01-21,3342.40869140625,3833.5,3851.550048828125,3771.10009765625,3807.0,3112358,0.0018162446807676869,3921.4999651227677,3836.7095075334823,0.015832759826499367,-0.4961193347467999,0
2022-01-24,3288.220458984375,3771.35009765625,3849.64990234375,3740.10009765625,3840.0,3258414,-0.016212313119538302,3903.4214215959823,3841.492850167411,0.015955820977754144,0.046927763451376725,0
2022-01-25,3286.955810546875,3769.89990234375,3809.39990234375,3722.199951171875,3769.5,3330501,-0.00038452948544909216,3875.0999930245534,3845.007126581101,0.012814818441368798,0.022123339759772653,0
2022-01-27,3181.761962890625,3649.25,3733.39990234375,3625.10009765625,3731.0,5718297,-0.032003476343958615,3822.257149832589,3842.2785528273807,0.012307389494394272,0.7169479907077043,1
2022-01-28,3217.335205078125,3690.050048828125,3729.800048828125,3646.0,3646.0,3143862,0.011180392910358217,3779.3214285714284,3842.05712890625,0.015460227852906072,-0.45021008877293367,1
2022-01-31,3257.6162109375,3736.25,3758.0,3721.39990234375,3749.0,2739393,0.012520142155401759,3753.8357282366073,3842.1761765252977,0.01723292205341121,-0.12865354777022653,1
2022-02-01,3313.76708984375,3800.64990234375,3808.0,3736.39990234375,3770.0,2105169,0.01723650782034114,3750.1357073102677,3845.1428338913693,0.017627991857244337,-0.23151990240173648,1
2022-02-02,3362.20068359375,3856.199951171875,3864.0,3800.64990234375,3827.89990234375,1984212,0.01461593418374818,3753.3785574776784,3846.9737839471727,0.01858665157406594,-0.057457144770799884,0
2022-02-03,3334.6484375,3824.60009765625,3882.5,3816.050048828125,3851.0,1960538,-0.008194557833035132,3760.9857003348216,3844.1095028831846,0.017568830523190717,-0.011931184772594916,0
2022-02-04,3326.191162109375,3814.89990234375,3824.699951171875,3769.0,3815.300048828125,2307366,-0.0025362639399723053,3767.4142717633927,3841.9166434151784,0.017639017897585832,0.17690450274363467,0
2022-02-07,3294.890380859375,3779.0,3831.800048828125,3756.14990234375,3791.0,1919149,-0.009410444117208483,3785.9499860491073,3840.5618838355654,0.011368644184101552,-0.16825115738032026,0
2022-02-08,3263.894287109375,3743.449951171875,3799.699951171875,3721.0,3791.550048828125,2946443,-0.009407263516307274,3793.578543526786,3835.3214053199404,0.012156753563501078,0.5352862127953588,1
2022-02-09,3278.802978515625,3760.550048828125,3777.949951171875,3746.10009765625,3750.0,1638721,0.0045680048830081255,3797.049979073661,3829.640450613839,0.011368668216965383,-0.44383074778639875,1
2022-02-10,3287.347900390625,3770.35009765625,3789.800048828125,3758.0,3789.800048828125,2112459,0.002606014732121187,3792.721435546875,3822.7095075334823,0.008975156778251525,0.2890900891609982,0
2022-02-11,3221.607421875,3694.949951171875,3752.5,3690.0,3752.5,3851488,-0.019998181742126753,3769.685721261161,3814.8547479538693,0.008383809709526504,0.8232249714669018,1
2022-02-14,3255.436767578125,3733.75,3793.25,3710.0,3724.0,5951745,0.010500832038555563,3756.7071358816966,3807.0380859375,0.010338041610247746,0.545310539718675,1
2022-02-15,3328.719970703125,3817.800048828125,3835.0,3748.0,3786.0,3931683,0.02251089355959146,3757.1214425223216,3799.8785691034227,0.014267550887373665,-0.3394066782094999,0
2022-02-16,3324.621826171875,3813.10009765625,3854.10009765625,3806.0,3844.0,3256906,-0.0012310626831589788,3761.9928850446427,3790.066673642113,0.01367222446811314,-0.17162548455712223,0
2022-02-17,3299.42431640625,3784.199951171875,3835.0,3779.0,3825.0,3134372,-0.007579173308914333,3767.8143136160716,3780.2380952380954,0.01344780341440632,-0.03762282362463021,1
2022-02-18,3307.8818359375,3793.89990234375,3815.949951171875,3757.60009765625,3769.0,3688883,0.002563276596647901,3772.5785784040177,3774.4880952380954,0.013395937100197463,0.1769129509834826,0
2022-02-21,3242.925048828125,3719.39990234375,3827.800048828125,3705.550048828125,3810.0,7465922,-0.019636785871439688,3765.299979073661,3769.3857073102677,0.015515610687758453,1.0238977489933947,0
2022-02-22,3126.963623046875,3586.39990234375,3667.89990234375,3570.0,3650.0,5408531,-0.0357584566037632,3749.7928292410716,3757.6190359933034,0.019277394164942036,-0.27557092077843837,0
2022-02-23,3107.259033203125,3563.800048828125,3622.89990234375,3555.64990234375,3611.0,2426203,-0.006301543088057637,3725.5142647879466,3747.7357003348216,0.018172196758379264,-0.5514118343779484,0
2022-02-24,2965.88037109375,3401.64990234375,3483.85009765625,3391.10009765625,3474.0,5039136,-0.04549922674188589,3666.0642438616073,3730.1999860491073,0.018262972014606083,1.0769638814229476,1
2022-02-25,3069.723388671875,3520.75,3530.0,3462.0,3468.0,2549723,0.03501245015666954,3624.2999441964284,3724.0809384300596,0.026497332570258447,-0.4940158392232319,1
2022-02-28,3098.888427734375,3554.199951171875,3563.75,3455.89990234375,3490.0,3288942,0.00950080271870335,3591.442801339286,3717.611886160714,0.027630089068964445,0.2899212973330829,0
2022-03-02,3091.869384765625,3546.14990234375,3571.949951171875,3506.0,3552.5,2761341,-0.0022649397723025766,3556.0499441964284,3708.559500558036,0.02736428940877488,-0.1604166324611379,0
2022-03-03,3090.34375,3544.39990234375,3578.60009765625,3530.10009765625,3562.85009765625,1928039,-0.0004934929566410284,3531.0499441964284,3696.3571196056546,0.02711194750318868,-0.30177439150036156,0
2022-03-04,3072.862548828125,3524.35009765625,3561.199951171875,3487.050048828125,3501.5,2370257,-0.005656755795033774,3522.1856863839284,3680.5547456287204,0.02390318450568163,0.2293615429978335,0
2022-03-07,3038.46533203125,3484.89990234375,3548.0,3431.550048828125,3450.0,3054130,-0.011193608529054822,3510.914236886161,3664.3785458519346,0.02411221583106723,0.2885227213757833,1
2022-03-08,3138.777099609375,3599.949951171875,3609.0,3460.0,3460.0,3300992,0.033013874731595116,3539.2428152901784,3654.1428338913693,0.018661471389563984,0.0808289103607247,1
2022-03-09,3167.244384765625,3632.60009765625,3654.0,3597.050048828125,3605.0,2719654,0.009069611224385543,3555.2214006696427,3647.171409970238,0.014600493980565234,-0.1761100905424794,0
2022-03-10,3157.0869140625,3620.949951171875,3684.0,3615.0,3684.0,2005441,-0.003207109555464549,3564.7571149553573,3641.3380766369046,0.014674776200415544,-0.2626117145783986,0
2022-03-11,3138.07958984375,3599.14990234375,3639.85009765625,3592.85009765625,3603.25,1623423,-0.0060205330430125326,3572.328543526786,3633.6523553757443,0.014954770172144912,-0.1904907698605942,1
2022-03-14,3176.3125,3643.0,3648.35009765625,3580.0,3580.0,1765688,0.012183459662987284,3586.4142717633927,3627.588065011161,0.015334720845749382,0.08763273650798342,0
2022-03-15,3133.502685546875,3593.89990234375,3659.0,3585.39990234375,3659.0,3651133,-0.013477929633886943,3596.3499581473216,3622.7761579241073,0.0164054391319386,1.0678245533752282,1
2022-03-16,3187.56005859375,3655.89990234375,3668.0,3616.25,3640.5,3090475,0.017251454321130844,3620.7785295758927,3619.0690104166665,0.015843113658927304,-0.1535572656487726,1
2022-03-17,3202.251220703125,3672.75,3710.0,3660.300048828125,3696.60009765625,3600452,0.004609015045911935,3631.178536551339,3612.161865234375,0.010941048930673849,0.16501573382732437,0
2022-03-21,3162.100341796875,3626.699951171875,3713.949951171875,3615.0,3696.0,2413831,-0.012538302042917393,3630.3356584821427,3603.285667782738,0.011919750171404937,-0.3295755644013585,1
2022-03-22,3226.83837890625,3700.949951171875,3711.0,3625.0,3640.0,2907611,0.020473157691473176,3641.764229910714,3599.3213820684523,0.01407928745884743,0.2045627883642227,1
2022-03-23,3236.822265625,3712.39990234375,3729.800048828125,3690.0,3708.0,1596195,0.0030937870878933182,3657.942801339286,3595.4404296875,0.013492433905735977,-0.45102869675482726,1
2022-03-24,3269.474609375,3749.85009765625,3758.199951171875,3695.0,3700.0,1879046,0.010087866689377112,3673.207101004464,3596.8904389880954,0.013315984414114091,0.17720328656586437,0
2022-03-25,3232.506591796875,3707.449951171875,3779.5,3672.0,3759.89990234375,1690133,-0.011307157721018313,3689.428536551339,3602.6547270275296,0.012852501565524373,-0.10053665530274403,1
2022-03-28,3232.7236328125,3707.699951171875,3713.0,3661.199951171875,3695.0,1760990,6.743179362977969e-05,3696.828543526786,3609.507103329613,0.011596107470756978,0.04192391959686015,0
2022-03-29,3230.675537109375,3705.35009765625,3722.0,3691.0,3694.75,2689063,-0.0006337766126092159,3701.4857003348216,3623.969017392113,0.011574030362313055,0.52701775705711,1
2022-03-30,3253.518798828125,3731.550048828125,3738.0,3706.199951171875,3738.0,1583455,0.007070843639970015,3716.464285714286,3634.0071149553573,0.009914809342881062,-0.41114990611971536,1
2022-03-31,3260.842529296875,3739.949951171875,3754.64990234375,3720.199951171875,3740.0,2168110,0.002251049090548296,3722.035714285714,3642.8523530505954,0.0068131748891863105,0.369227417261621,1
2022-04-01,3277.234130859375,3758.75,3763.0,3728.050048828125,3748.0,1387014,0.005026818292644286,3728.657156808036,3652.9761672247023,0.006925902810580344,-0.36026585366978614,1
2022-04-04,3287.347900390625,3770.35009765625,3780.0,3737.10009765625,3762.0,1472994,0.003086158338875933,3731.5857282366073,3663.7357003348216,0.005967927650722465,0.06198928056962649,1
2022-04-05,3326.1044921875,3814.800048828125,3835.60009765625,3772.0,3772.0,2314947,0.011789343169883892,3746.921456473214,3677.566650390625,0.004319093087897227,0.5715929596454568,0
2022-04-06,3274.26953125,3755.35009765625,3809.300048828125,3731.14990234375,3809.300048828125,2051729,-0.015584028103946768,3753.7286202566966,3690.4452311197915,0.008640436725842787,-0.11370368306488221,0
2022-04-07,3212.190673828125,3684.14990234375,3745.5,3679.0,3745.5,2494829,-0.01895966912830227,3750.700020926339,3694.4547526041665,0.011741198889828044,0.21596419410165768,1
2022-04-08,3213.498779296875,3685.64990234375,3705.0,3642.5,3690.0,2296773,0.00040714955682052967,3744.1428571428573,3696.980933779762,0.01126078793672373,-0.07938660325016267,1
2022-04-11,3222.871826171875,3696.39990234375,3712.35009765625,3656.10009765625,3690.0,2291660,0.002916717616929354,3737.9214215959823,3700.5737885974704,0.011302565196645223,-0.0022261668871934592,0
2022-04-12,3218.25048828125,3691.10009765625,3739.0,3648.35009765625,3683.0,4483476,-0.0014337747071521134,3728.257149832589,3704.952369326637,0.010927191834590426,0.9564315823464213,0
2022-04-13,3192.834228515625,3661.949951171875,3709.85009765625,3655.550048828125,3707.0,1621672,-0.007897414243218326,3712.771414620536,3705.8547479538693,0.010772195586630257,-0.6383002830839286,0
2022-04-18,3076.087890625,3528.050048828125,3610.0,3522.5,3610.0,3820792,-0.036565191804683206,3671.80712890625,3702.719040643601,0.013921706935536347,1.356081871056539,0
2022-04-19,3027.13134765625,3471.89990234375,3563.550048828125,3439.14990234375,3550.0,3170014,-0.01591534862239996,3631.3142438616073,3693.9571358816966,0.013940374215761879,-0.170325419441833,1
2022-04-20,3101.155029296875,3556.800048828125,3569.14990234375,3480.0,3500.0,2640370,0.02445351216118352,3613.121407645089,3688.4357096354165,0.018690046338137492,-0.16707938829292235,1
2022-04-21,3163.801025390625,3628.64990234375,3644.0,3567.39990234375,3580.0,2280996,0.020200700778582714,3604.9785505022323,3688.528564453125,0.02097742742022022,-0.13610743948764759,0
2022-04-22,3149.763916015625,3612.550048828125,3617.0,3571.5,3581.10009765625,1581465,-0.004436871549726051,3593.0,3684.319045293899,0.02087202287873074,-0.3066778722978909,0
2022-04-25,3093.656982421875,3548.199951171875,3584.0,3533.10009765625,3558.0,1960694,-0.017812929035301406,3572.585693359375,3676.5,0.02156274180430918,0.23979601192565125,0
2022-04-26,3092.000244140625,3546.300048828125,3587.89990234375,3518.14990234375,3575.14990234375,1943469,-0.0005354552646117394,3556.064278738839,3666.8071405319943,0.02160154361706976,-0.008785154644222914,1
2022-04-27,3104.9912109375,3561.199951171875,3568.449951171875,3506.300048828125,3546.0,1727648,0.004201534596226297,3560.799979073661,3659.8428548177085,0.016327555171858268,-0.11104936585044578,1
2022-04-28,3125.13232421875,3584.300048828125,3604.39990234375,3538.050048828125,3588.0,1703660,0.006486605069352613,3576.8571428571427,3653.9666689918154,0.014443112444662313,-0.013884772824093838,0
2022-04-29,3092.34912109375,3546.699951171875,3623.25,3536.85009765625,3597.0,2051115,-0.010490220445842247,3575.4142717633927,3646.4119001116073,0.01234437279946848,0.2039462099245155,0
2022-05-02,3088.599853515625,3542.39990234375,3547.949951171875,3492.75,3519.89990234375,1324161,-0.0012124084042418604,3563.092843191964,3637.4047502790177,0.008441942050405849,-0.35441893799226276,0
2022-05-04,3033.97509765625,3479.75,3545.449951171875,3465.300048828125,3538.5,2305825,-0.017685722693900008,3544.121407645089,3625.0142764136904,0.010045977974821029,0.7413479176625803,1
2022-05-05,3063.315185546875,3513.39990234375,3533.0,3485.35009765625,3512.10009765625,1612262,0.00967020686651332,3539.149972098214,3613.3309384300596,0.009701862799064763,-0.30078735376708987,0
2022-05-06,2992.865234375,3432.60009765625,3474.5,3424.5,3459.0,2010812,-0.022997611126931328,3522.9071219308034,3597.247605096726,0.012648406285472973,0.2471992765443829,1
2022-05-09,3003.764404296875,3445.10009765625,3456.0,3346.85009765625,3398.0,2481830,0.0036415544031869196,3506.3214285714284,3579.642845517113,0.012585256458238329,0.23424268405002557,0
2022-05-10,2998.227783203125,3438.75,3464.800048828125,3422.0,3434.0,1622685,-0.0018432258791464262,3485.528564453125,3564.566650390625,0.011720241138710388,-0.34617399257805737,0
2022-05-11,2974.90478515625,3412.0,3448.449951171875,3382.14990234375,3435.0,1841769,-0.007778989458378738,3466.285714285714,3551.607131231399,0.011585179656919685,0.13501326505144262,0
2022-05-12,2971.984619140625,3408.64990234375,3449.699951171875,3350.10009765625,3378.0,2807195,-0.0009818574608001507,3447.1785714285716,3538.4166550409227,0.011599580090610812,0.5241840860607383,1
2022-05-13,2977.433349609375,3414.89990234375,3439.89990234375,3382.14990234375,3435.0,2187823,0.001833570527645767,3437.9142717633927,3525.011893136161,0.010450181029709358,-0.22063732658401003,0
2022-05-16,2944.214111328125,3376.800048828125,3430.0,3366.60009765625,3415.0,1195813,-0.011156945915010819,3418.4000069754466,3510.0452241443454,0.009259305325069763,-0.45342333452020567,1
2022-05-17,3009.432373046875,3451.60009765625,3467.0,3350.39990234375,3370.0,1754076,0.0221511631563982,3421.1142926897323,3500.028564453125,0.010737272231535451,0.4668480774167867,0
2022-05-18,3006.990478515625,3448.800048828125,3495.0,3443.050048828125,3465.0,1866781,-0.0008112321094284614,3421.6428571428573,3496.2547549293154,0.010675210669667881,0.06425320225577447,0
2022-05-19,2844.076171875,3261.949951171875,3405.0,3230.0,3397.0,4642963,-0.05417829245268657,3396.3857073102677,3486.2571382068454,0.023257584515792337,1.4871492692501156,1
2022-05-20,2871.149169921875,3293.0,3313.89990234375,3270.050048828125,3310.0,3065125,0.009518861200482176,3379.3857073102677,3473.6952311197915,0.024098804122340126,-0.33983428254758874,1
2022-05-23,2896.21630859375,3321.75,3338.89990234375,3267.0,3304.800048828125,2293690,0.008730640753112695,3366.971435546875,3459.0809500558034,0.024629273683019988,-0.25168141592920357,0
2022-05-24,2866.78955078125,3288.0,3324.85009765625,3275.60009765625,3315.14990234375,1711510,-0.01016030706705806,3348.8428780691966,3443.6261858258927,0.024620395246059367,-0.2538180835248006,0
2022-05-25,2780.46142578125,3167.64990234375,3292.85009765625,3154.050048828125,3292.85009765625,3548046,-0.03660282775433399,3318.964285714286,3425.5047549293154,0.0273822547760545,1.0730501136423394,1
2022-05-26,2832.512939453125,3226.949951171875,3241.5,3180.550048828125,3191.0,2813186,0.018720518572538314,3286.871407645089,3410.297607421875,0.02676033588798555,-0.20711681866582343,1
2022-05-27,2862.664306640625,3261.300048828125,3278.89990234375,3229.199951171875,3253.199951171875,3103153,0.01064475686825439,3260.085693359375,3396.0166596912204,0.027696691480195598,0.10307423682614658,1
2022-05-30,2962.68603515625,3375.25,3386.60009765625,3286.35009765625,3297.0,2094624,0.03494003908435861,3276.271414620536,3386.0618954613096,0.022772059955697654,-0.32500137763107395,0
2022-05-31,2953.11865234375,3364.35009765625,3383.39990234375,3325.0,3354.14990234375,4840965,-0.003229361482482762,3286.464285714286,3377.3785691034227,0.022870539319362802,1.311137941702186,0
2022-06-01,2945.086669921875,3355.199951171875,3388.0,3340.050048828125,3388.0,1493835,-0.0027197367154950802,3291.242850167411,3368.464285714286,0.02282615329035159,-0.6914179301027791,1
2022-06-02,3004.599853515625,3423.0,3432.0,3346.300048828125,3355.0,2657939,0.020207454045904072,3310.528564453125,3365.7619047619046,0.023090324839546164,0.7792721418362805,1
2022-06-03,3019.6533203125,3440.14990234375,3477.300048828125,3431.199951171875,3459.39990234375,1913622,0.0050101964194420034,3349.4571358816966,3362.2738095238096,0.013772226047443333,-0.2800353958461801,0
2022-06-06,3011.57763671875,3430.949951171875,3453.0,3377.14990234375,3418.0,1084210,-0.002674287874957715,3378.5999930245534,3362.1952311197915,0.014377173126039153,-0.43342520100625936,0
2022-06-07,2951.670166015625,3362.699951171875,3418.85009765625,3356.0,3401.050048828125,2308256,-0.01989244989618355,3393.085693359375,3358.271414620536,0.01794392730810982,1.1289750140655408,1
2022-06-08,2988.053466796875,3404.14990234375,3413.949951171875,3346.5,3380.14990234375,2185707,0.012326390035908519,3397.2142508370534,3356.6237909226193,0.012873915567528349,-0.053091598158956366,1
2022-06-09,3008.198486328125,3427.10009765625,3437.0,3353.10009765625,3385.0,1279197,0.006741828641770198,3406.178536551339,3357.342843191964,0.012842154646386496,-0.4147445197366344,0
2022-06-10,2949.212158203125,3359.89990234375,3393.0,3352.0,3382.0,1527582,-0.019608471710078512,3406.8499581473216,3355.021414620536,0.01537071100728378,0.19417259421340116,0
2022-06-13,2826.061767578125,3219.60009765625,3293.0,3192.449951171875,3290.0,3030921,-0.04175713823784799,3377.7928292410716,3345.7214239211307,0.019329259332245025,0.9841298208541343,0
2022-06-14,2818.117431640625,3210.550048828125,3238.89990234375,3174.699951171875,3190.0,2611493,-0.0028109232679900398,3344.992850167411,3337.804757254464,0.018628080621821204,-0.138383019550823,0
2022-06-15,2814.38720703125,3206.300048828125,3234.0,3201.0,3218.5,1404536,-0.001323760706222643,3312.9000069754466,3326.123802548363,0.01871935593542442,-0.46217125605927334,0
2022-06-16,2757.9462890625,3142.0,3244.85009765625,3133.050048828125,3240.0,2032028,-0.02005428308296542,3281.3714425223216,3311.5142764136904,0.01873446008724515,0.44676106557610495,0
2022-06-17,2711.3369140625,3088.89990234375,3118.75,3023.85009765625,3092.0,5240434,-0.01690009473464349,3236.3357282366073,3303.2737978980654,0.016136589939480212,1.5789182038830174,1
2022-06-20,2731.96435546875,3112.39990234375,3138.75,3069.0,3094.0,1502769,0.0076078865430921905,3191.3785574776784,3294.6737932477677,0.016321465508158096,-0.7132357739836052,1
2022-06-21,2819.346435546875,3211.949951171875,3237.75,3125.39990234375,3130.0,2964461,0.03198498006414918,3170.242850167411,3289.4452194940477,0.023290749872565953,0.9726657922807831,1
2022-06-22,2829.00146484375,3222.949951171875,3250.550048828125,3183.0,3199.89990234375,3336315,0.0034247108974991836,3170.7214006696427,3286.3475981212796,0.01727019265342111,0.12543730546632248,1
2022-06-23,2904.35791015625,3308.800048828125,3318.0,3222.949951171875,3222.949951171875,3692578,0.0266371178444873,3184.7571149553573,3293.0690336681546,0.01979512652671254,0.1067833822645643,0
2022-06-24,2890.5771484375,3293.10009765625,3345.0,3277.5,3339.0,2132118,-0.004744907803490683,3197.1571219308034,3296.219040643601,0.02000350652326407,-0.4225936459568356,1
2022-06-27,2909.536865234375,3314.699951171875,3362.89990234375,3306.5,3350.0,2037686,0.006559124495182589,3221.828543526786,3298.761893136161,0.016970264958201906,-0.044290231591309626,1
2022-06-28,2912.565185546875,3318.14990234375,3330.0,3272.60009765625,3307.0,1400046,0.0010408034581397274,3254.578543526786,3296.0428408668154,0.013648620168011433,-0.3129235809638973,0
2022-06-29,2888.295166015625,3290.5,3333.0,3271.0,3271.0,2133994,-0.008332927431705106,3280.021414620536,3292.526169549851,0.015401364642851044,0.5242313466843231,0
2022-06-30,2867.7548828125,3267.10009765625,3310.89990234375,3255.0,3272.0,2719603,-0.007111351570809887,3287.9000069754466,3288.3309384300596,0.01200194617308574,0.2744192345433023,1
2022-07-01,2909.888916015625,3315.10009765625,3333.0,3252.050048828125,3260.0,1502879,0.014691928182559932,3301.0643136160716,3283.192847842262,0.012871291417973182,-0.4473902992458826,0
2022-07-04,2839.623291015625,3235.050048828125,3317.949951171875,3225.050048828125,3312.0,2622535,-0.024147098570181824,3290.5285993303573,3273.4261881510415,0.012356787953883515,0.7450074157666717,0
2022-07-05,2823.164306640625,3216.300048828125,3272.0,3206.949951171875,3255.0,2170627,-0.005795891784361129,3279.5571637834823,3263.204764229911,0.012385758899624991,-0.17231724266787674,1
2022-07-06,2862.181396484375,3260.75,3268.5,3202.25,3218.5,2182144,0.01382021282127277,3271.850027901786,3258.3500046502977,0.013594116753364452,0.005305840201932366,1
2022-07-07,2885.968994140625,3287.85009765625,3319.39990234375,3265.050048828125,3271.0,1989921,0.008311001351299474,3267.521484375,3252.8119187127977,0.014154679781167247,-0.08808905370131392,0
2022-07-08,2866.30712890625,3265.449951171875,3305.0,3250.0,3300.0,2136916,-0.006813007229357293,3263.9429059709823,3245.1142926897323,0.014038626514232365,0.07386976668923029,0
2022-07-11,2733.193359375,3113.800048828125,3225.0,3106.0,3206.14990234375,6974600,-0.04644073699225659,3242.042898995536,3233.3952520461307,0.02231793713668336,2.26386250091253,0
2022-07-12,2707.650634765625,3084.699951171875,3136.199951171875,3080.25,3114.89990234375,3734815,-0.00934552546725076,3209.128592354911,3226.971435546875,0.020244335292438187,-0.4645119433372523,0
2022-07-13,2667.317626953125,3038.75,3110.0,3035.0,3104.0,3863530,-0.014896084513639218,3181.0857282366073,3218.790480840774,0.019458033792306692,0.03446355441969673,0
2022-07-14,2639.154541015625,2998.75,3057.0,2967.0,3056.0,4764908,-0.013163307280954384,3150.007149832589,3208.9071451822915,0.0194716728658544,0.23330425802310328,0
2022-07-15,2635.501953125,2994.60009765625,3028.89990234375,2953.0,3018.550048828125,4574806,-0.0013838773968319895,3111.9857352120534,3201.8881022135415,0.01710304369579434,-0.039896258227860804,1
2022-07-18,2696.139404296875,3063.5,3076.949951171875,3014.300048828125,3023.0,3202795,0.023008047851756697,3079.935721261161,3200.6785830543154,0.020559370726741272,-0.2999058320724419,1
2022-07-19,2705.600830078125,3074.25,3078.949951171875,3030.050048828125,3030.050048828125,1865074,0.0035090582666883474,3052.6214425223216,3198.8619210379466,0.021175441431889194,-0.41767300123798123,1
2022-07-20,2785.292236328125,3164.800048828125,3171.949951171875,3098.050048828125,3107.800048828125,3402251,0.029454354339472966,3059.907156808036,3196.6166875930057,0.017566468938905257,0.8241908900129431,1
2022-07-21,2796.2939453125,3177.300048828125,3184.0,3144.050048828125,3167.0,2420640,0.0039496966023584434,3073.1357421875,3194.4428827194943,0.01677907288941432,-0.2885181016920856,0
2022-07-22,2790.749267578125,3171.0,3197.0,3143.5,3185.0,2075886,-0.001982830935482016,3092.0285993303573,3187.8809756324404,0.014916389628309174,-0.14242266508030932,0
2022-07-25,2787.0087890625,3166.75,3186.449951171875,3149.10009765625,3165.0,1797504,-0.0013402712078208756,3116.0285993303573,3181.864304315476,0.012890376602463857,-0.1341027397458242,0
2022-07-26,2742.256103515625,3115.89990234375,3168.89990234375,3096.5,3164.699951171875,2639367,-0.016057503009789253,3133.3571428571427,3172.397635323661,0.015565042509958856,0.4683511135441145,1
2022-07-27,2806.45849609375,3188.85009765625,3194.10009765625,3110.0,3115.0,1389808,0.023412239673561874,3151.2642996651784,3166.240501767113,0.01564012410447217,-0.47343131894882373,1
2022-07-28,2869.5166015625,3260.5,3264.0,3201.64990234375,3216.0,2106333,0.02246888381376455,3177.8714425223216,3164.8119303385415,0.016768338654995555,0.5155568251154117,1
2022-07-29,2905.951904296875,3301.89990234375,3317.300048828125,3275.0,3290.0,2430257,0.01269740909178041,3197.4571358816966,3166.469063895089,0.014302795289500198,0.15378574992653116,0
2022-08-01,2903.22412109375,3298.800048828125,3327.0,3271.0,3327.0,1306913,-0.000938809051547751,3214.814278738839,3165.69287109375,0.014546202388313896,-0.46223259515351667,0
2022-08-02,2897.063232421875,3291.800048828125,3312.89990234375,3271.64990234375,3290.0,1269114,-0.0021219837202581804,3232.0714285714284,3168.3952520461307,0.014558168139014043,-0.028922353668530354,1
2022-08-03,2939.043701171875,3339.5,3349.0,3277.050048828125,3280.0,2895824,0.014490537233224687,3256.75,3174.261916387649,0.014557923760015733,1.2817682257070682,1
2022-08-04,2952.640625,3354.949951171875,3387.89990234375,3307.35009765625,3350.0,2150567,0.004626426462606581,3290.9000069754466,3178.747628348214,0.010449951059749623,-0.25735576471498267,1
2022-08-05,2961.52978515625,3365.050048828125,3377.0,3355.0,3361.199951171875,1106933,0.00301050620821397,3316.0714285714284,3182.4238164992557,0.009052883302746034,-0.48528318345812993,1
2022-08-08,2969.80224609375,3374.449951171875,3378.89990234375,3336.0,3365.0,1068836,0.002793391541687118,3332.3499930245534,3187.6142926897323,0.006380325190967392,-0.034416717181617984,0
2022-08-10,2952.02490234375,3354.25,3385.0,3335.0,3385.0,1878359,-0.00598614632433947,3339.8285784040177,3199.0642903645835,0.00649956993221556,0.757387475721252,1
2022-08-11,3012.090576171875,3422.5,3428.699951171875,3375.050048828125,3400.0,1449248,0.020347320563464333,3357.5,3215.1500069754466,0.009177225669125991,-0.22844993954829718,0
2022-08-12,2993.652587890625,3401.550048828125,3419.0,3381.25,3419.0,1472354,-0.0061212421247260895,3373.1785714285716,3232.426199776786,0.009818957060081185,0.01594344101216638,0
2022-08-16,2985.864013671875,3392.699951171875,3414.85009765625,3387.5,3411.0,839942,-0.0026017837542325895,3380.778564453125,3251.185721261161,0.009087272928842175,-0.42952442143669256,1
2022-08-17,2993.2568359375,3401.10009765625,3417.949951171875,3371.10009765625,3385.10009765625,1622326,0.0024759473591153824,3387.3714425223216,3270.5428641183034,0.009031517502990027,0.9314738398603712,0
2022-08-18,2975.78662109375,3381.25,3392.0,3362.0,3390.0,1430659,-0.005836375609741373,3389.685721261161,3285.6738164992557,0.009472848732176437,-0.11814333247448416,1
2022-08-19,2979.74755859375,3385.75,3421.5,3371.25,3387.0,1398410,0.0013308687615527504,3391.3000139508927,3300.507149832589,0.00943566655169307,-0.022541360310178726,0
2022-08-22,2952.288330078125,3354.550048828125,3384.10009765625,3347.39990234375,3365.0,1536532,-0.009215078246141872,3391.3428780691966,3309.5428641183034,0.009875172749113816,0.09877074677669628,0
2022-08-23,2890.726806640625,3284.60009765625,3341.89990234375,3270.0,3319.949951171875,1849256,-0.020852260408608658,3371.642892020089,3314.652390252976,0.007830496942007383,0.20352586213629142,0
2022-08-24,2864.984375,3255.35009765625,3308.0,3250.199951171875,3292.0,1691923,-0.008905193670569411,3350.7571847098216,3318.6690615699404,0.00791788057232066,-0.08507908045181412,0
2022-08-25,2832.2890625,3218.199951171875,3278.14990234375,3214.75,3276.0,1946930,-0.011412028006180353,3325.82861328125,3321.1190592447915,0.007945368095739714,0.1507202159909169,1
2022-08-26,2835.809326171875,3222.199951171875,3257.0,3216.800048828125,3234.300048828125,1457962,0.001242930849757684,3300.2714494977677,3326.1809663318454,0.007697463045262957,-0.2511482179636658,0
2022-08-29,2756.909912109375,3132.550048828125,3142.699951171875,3081.0,3125.0,2539173,-0.02782257578743541,3264.7428850446427,3323.5000116257443,0.010719786018039931,0.7415906587414487,1
2022-08-30,2826.08447265625,3211.14990234375,3226.5,3142.10009765625,3155.0,3431525,0.025091332074655526,3239.8000139508927,3321.1500069754466,0.017078678484485167,0.3514341086645141,0
2022-09-01,2756.161376953125,3131.699951171875,3190.0,3121.0,3190.0,3546935,-0.024741900436938913,3207.964285714286,3313.0452473958335,0.01831561699952153,0.03363227719454187,0
2022-09-02,2755.01708984375,3130.39990234375,3163.0,3120.300048828125,3163.0,2052900,-0.0004151256021952543,3185.9356863839284,3305.026192801339,0.017851318807356818,-0.42121860141220524,1
2022-09-05,2757.657958984375,3133.39990234375,3147.949951171875,3112.25,3123.64990234375,2147912,0.0009583440114964148,3168.514229910714,3297.483328683036,0.018037380981071032,0.046281845194602766,0
2022-09-06,2752.069091796875,3127.050048828125,3140.85009765625,3106.35009765625,3135.5,1936453,-0.002026505940360579,3155.4928152901784,3287.3666643415177,0.01785522766249581,-0.09844863290488626,1
2022-09-07,2771.91552734375,3149.60009765625,3161.89990234375,3102.0,3102.0,1291534,0.007211284909423021,3145.121407645089,3277.5880998883927,0.018282424226938678,-0.33304139062502425,1
2022-09-08,2789.560791015625,3169.64990234375,3183.5,3160.10009765625,3170.0,1346113,0.006365825522554491,3150.42138671875,3268.2833310081846,0.014817451421441198,0.0422590500908222,1
2022-09-09,2831.804931640625,3217.64990234375,3233.5,3168.5,3195.0,1561185,0.015143628311917734,3151.3499581473216,3260.8166620163693,0.012505500637666709,0.1597726193863369,1
2022-09-12,2854.071044921875,3242.949951171875,3269.800048828125,3225.0,3239.89990234375,1785928,0.007862896709084577,3167.2428152901784,3255.5166596912204,0.00595641879017166,0.14395667393678524,0
2022-09-13,2842.101806640625,3229.35009765625,3263.449951171875,3225.0,3263.449951171875,1972678,-0.004193667407882962,3181.3785574776784,3246.319045293899,0.006660107512105198,0.10456748536335181,0
2022-09-14,2746.216552734375,3120.39990234375,3141.39990234375,3113.800048828125,3135.0,5090269,-0.033737498883001926,3179.521414620536,3232.9309430803573,0.016031048457166373,1.5803851414168961,0
2022-09-15,2732.091064453125,3104.35009765625,3137.75,3100.0,3130.0,2138023,-0.00514350890584403,3176.278564453125,3219.199997674851,0.016124118908896718,-0.5799783862110235,0
2022-09-16,2647.9111328125,3008.699951171875,3094.35009765625,3000.0,3076.0,5322221,-0.030811649290648613,3156.149972098214,3200.5142764136904,0.01906229654326726,1.4893188707511564,1
2022-09-19,2665.60107421875,3028.800048828125,3042.0,2987.800048828125,3036.0,2072220,0.00668065875044177,3136.028564453125,3183.7309454055057,0.01909766277315685,-0.6106475097520377,1
2022-09-20,2675.72216796875,3040.300048828125,3079.949951171875,3030.0,3050.0,1544295,0.0037968831928834046,3110.69287109375,3167.2809477306546,0.01737684344056705,-0.2547630077887483,0
2022-09-21,2641.31005859375,3001.199951171875,3041.39990234375,2998.14990234375,3028.0,2253818,-0.012860604883824234,3076.157156808036,3150.4547526041665,0.015942913758039214,0.4594478386577694,1
2022-09-22,2646.767578125,3007.39990234375,3029.949951171875,2979.300048828125,2990.0,2017983,0.0020658240946105355,3044.4499860491073,3137.2547433035716,0.01654561686542887,-0.10463799650193584,0
2022-09-23,2624.457275390625,2982.050048828125,3022.5,2979.0,3004.0,2652374,-0.008429159519447116,3024.685721261161,3124.240455264137,0.012845966605196357,0.31436885246307833,1
2022-09-26,2635.325927734375,2994.39990234375,3025.85009765625,2926.10009765625,2959.85009765625,2925489,0.004141397130634328,3008.9785505022323,3113.5833100818454,0.013460303599699863,0.10297001855696064,1
2022-09-27,2655.61181640625,3017.449951171875,3025.0,2976.0,3009.39990234375,2227447,0.007697718935297582,3010.2285505022323,3103.8333100818454,0.007903592780190708,-0.23860694741973054,1
2022-09-28,2671.6298828125,3035.64990234375,3049.949951171875,2980.0,2980.0,2739767,0.006031566874806549,3011.207101004464,3099.219017392113,0.007821579565922705,0.23000322791069783,0
2022-09-29,2637.878173828125,2997.300048828125,3055.85009765625,2990.0,3054.0,2493902,-0.012633160854951031,3005.0642438616073,3089.035691034226,0.008992130052451506,-0.08973938294752803,1
2022-09-30,2644.259521484375,3004.550048828125,3019.699951171875,2950.10009765625,2990.85009765625,2817353,0.002418843586525332,3005.5428292410716,3082.980933779762,0.007673687901928119,0.12969675632803535,0
2022-10-03,2627.00927734375,2984.949951171875,3020.699951171875,2974.0,2995.0,1763331,-0.006523471846939133,3002.335693359375,3076.0547456287204,0.00800244491963941,-0.3741178332995546,1
2022-10-04,2720.473876953125,3091.14990234375,3098.0,3023.0,3029.949951171875,2145875,0.03557846962565714,3017.92138671875,3074.0428408668154,0.015242946783129778,0.21694395436818148,1
2022-10-06,2729.9794921875,3101.949951171875,3124.0,3092.449951171875,3111.0,1790816,0.0034938612391253177,3033.2856794084823,3072.8475981212796,0.015252718524236698,-0.16546117551115513,0
2022-10-07,2697.3720703125,3064.89990234375,3105.0,3058.10009765625,3097.39990234375,1939879,-0.011944115608354067,3040.0642438616073,3068.814255487351,0.016464879426036597,0.08323747386666192,1
2022-10-10,2744.588623046875,3118.550048828125,3127.0,3005.0,3010.0,3064063,0.017504697769525235,3051.9071219308034,3066.380929129464,0.017435364391477363,0.5795124335074506,0
2022-10-11,2701.464111328125,3069.550048828125,3145.0,3053.35009765625,3100.0,4730645,-0.01571243021044766,3062.2285505022323,3059.3285551525296,0.017955605565683198,0.5439124456644657,1
2022-10-12,2728.923095703125,3100.75,3109.89990234375,3062.050048828125,3084.89990234375,1665247,0.010164340269931849,3075.9714006696427,3052.55712890625,0.018112600518165538,-0.6479873251956129,1
2022-10-13,2731.167236328125,3103.300048828125,3110.0,3052.35009765625,3100.75,2054781,0.0008223974290493263,3092.8785574776784,3046.5547456287204,0.017561649511504424,0.2339196527602212,0
2022-10-14,2727.514892578125,3099.14990234375,3150.0,3071.0,3145.0,2245977,-0.0013373332965151974,3094.021414620536,3045.5428408668154,0.01163804188631712,0.09304933226460621,1
2022-10-17,2745.691650390625,3111.75,3128.39990234375,3071.449951171875,3072.64990234375,1517005,0.0040656625375625755,3095.4214215959823,3045.895217168899,0.011665127787686106,-0.32456788293023486,1
2022-10-18,2774.765380859375,3144.699951171875,3155.35009765625,3128.550048828125,3150.0,1793722,0.01058888123142121,3106.8214285714284,3052.371407645089,0.01072722423890003,0.18241007775188622,0
2022-10-19,2754.60302734375,3121.85009765625,3159.0,3112.0,3159.0,1194289,-0.007266147445040061,3107.2928641183034,3056.8023623511904,0.009432735963619552,-0.33418389248724156,1
2022-10-20,2785.88330078125,3157.300048828125,3160.0,3105.0,3105.0,1587601,0.011355430293878976,3119.8285784040177,3062.3737909226193,0.00708293002226543,0.3293273236209997,0
2022-10-21,2768.32373046875,3137.39990234375,3160.39990234375,3127.0,3157.800048828125,1021913,-0.006302900002095546,3125.064278738839,3068.8595028831846,0.007441657462348684,-0.35631622806989915,1
2022-10-24,2789.765380859375,3161.699951171875,3178.0,3155.0,3170.10009765625,260949,0.00774528258573981,3133.4071219308034,3076.2071242559523,0.0077582947149210145,-0.7446465599322056,1
2022-10-25,2790.11865234375,3162.10009765625,3184.25,3151.14990234375,3180.5,2069643,0.00012656054987969512,3142.4000069754466,3084.780936104911,0.0076505402199651225,6.931216444592621,0
2022-10-27,2785.97119140625,3157.39990234375,3174.0,3134.35009765625,3160.699951171875,2438421,-0.0014864157260497946,3148.9214215959823,3092.5428408668154,0.007796185725314471,0.17818435353343554,1
2022-10-28,2791.132568359375,3163.25,3178.5,3145.0,3150.0,1355739,0.0018528212571069513,3151.5714285714284,3099.4857003348216,0.006854826441375796,-0.44400946350117554,1
2022-10-31,2817.516357421875,3193.14990234375,3199.0,3177.800048828125,3199.0,1919414,0.009452272929344918,3161.7571149553573,3106.9857003348216,0.006452044420004022,0.4157695544643918,1
2022-11-01,2876.23681640625,3259.699951171875,3262.60009765625,3203.449951171875,3214.5,2991060,0.0208415047409074,3176.385672433036,3119.480933779762,0.00895079183263799,0.558319362055294,0
2022-11-02,2860.354736328125,3241.699951171875,3270.0,3222.050048828125,3270.0,1405955,-0.005521980633072965,3191.2856794084823,3130.7737862723216,0.008795715738461626,-0.5299475771131305,0
2022-11-03,2829.51611328125,3206.75,3228.050048828125,3195.0,3228.050048828125,1422652,-0.010781365239938556,3197.7214006696427,3141.335693359375,0.010377341602394988,0.011875913524970638,1
2022-11-04,2838.9130859375,3217.39990234375,3220.050048828125,3166.14990234375,3217.0,1464013,0.003321089060185578,3205.6213727678573,3147.3475981212796,0.010347880188126816,0.02907316757717271,1
2022-11-07,2853.29541015625,3233.699951171875,3242.800048828125,3195.10009765625,3229.0,1474498,0.005066217853817667,3216.5213797433034,3153.621407645089,0.010220068016183359,0.0071618216504907295,0
2022-11-09,2837.72216796875,3216.050048828125,3249.800048828125,3201.64990234375,3249.800048828125,1162267,-0.005458113804700293,3224.0642438616073,3160.8190336681546,0.010770599242723571,-0.21175410207406187,0
2022-11-10,2828.545654296875,3205.64990234375,3225.0,3170.0,3170.0,1573092,-0.0032338260681498143,3225.8499581473216,3164.9666457403273,0.010452135890062645,0.35346869523095803,1
2022-11-11,2925.869384765625,3315.949951171875,3341.60009765625,3255.050048828125,3269.60009765625,3265394,0.03440801465795795,3233.885672433036,3176.699974423363,0.015068307652924067,1.0757806917840789,1
2022-11-14,2943.1201171875,3335.5,3349.0,3309.0,3324.0,1342074,0.005895761129089294,3247.2856794084823,3187.8785458519346,0.01466231033607788,-0.5890008985133188,0
2022-11-15,2940.561767578125,3332.60009765625,3339.949951171875,3292.0,3321.0,1400708,-0.0008694055894917785,3265.2642647879466,3198.7975957961307,0.01340173128720112,0.043689096130317795,1
2022-11-16,2960.635498046875,3355.35009765625,3367.89990234375,3321.449951171875,3338.89990234375,1748235,0.0068265016303634685,3284.971435546875,3210.997605096726,0.013368272356637836,0.24810809961819302,0
2022-11-17,2955.031982421875,3349.0,3360.0,3317.75,3340.0,1417986,-0.0018925290868113676,3301.44287109375,3222.2952241443454,0.013711487747310366,-0.18890423770259723,0
2022-11-18,2950.134521484375,3343.449951171875,3362.75,3321.0,3350.0,1164540,-0.0016572256877053215,3319.6428571428573,3231.7595098586307,0.013292714254955252,-0.17873660247703438,0
2022-11-21,2897.237060546875,3283.5,3333.699951171875,3273.0,3322.5,1304194,-0.017930566345359167,3330.7642996651784,3239.4571242559523,0.01584369820210019,0.11992202929912232,1
2022-11-22,2924.98779296875,3314.949951171875,3318.949951171875,3255.25,3280.0,1149739,0.00957817912954928,3330.6214425223216,3246.9642624627977,0.009144136838325037,-0.11842946678178246,0
2022-11-23,2919.119873046875,3308.300048828125,3330.0,3291.0,3330.0,1150011,-0.002006034010075819,3326.7357352120534,3255.102364676339,0.008774248015988551,0.0002365754314674895,1
2022-11-24,2982.517822265625,3380.14990234375,3392.949951171875,3308.300048828125,3316.25,1296591,0.021718058354796455,3333.528564453125,3265.5047433035716,0.012323897875065678,0.12745965038595286,1
2022-11-25,2990.89990234375,3389.64990234375,3403.35009765625,3348.0,3383.0,1588981,0.002810526241280753,3338.428536551339,3276.3404482886904,0.012159076035137998,0.22550673265509324,1
2022-11-28,2995.841064453125,3395.25,3417.0,3365.550048828125,3366.0,2195437,0.0016521168314100887,3345.0356794084823,3287.6666434151784,0.012066867799204468,0.38166346860031686,1
2022-11-29,2997.694091796875,3397.35009765625,3429.0,3383.0,3383.0,1576028,0.0006185399178999518,3352.7357003348216,3298.8142671130954,0.011981525562731415,-0.2821347185093446,0
2022-11-30,2991.91455078125,3390.800048828125,3414.89990234375,3375.0,3383.0,3410702,-0.0019279875902821209,3368.064278738839,3308.2261788504466,0.008483319802333265,1.1641125665280057,1
2022-12-01,3066.783203125,3475.64990234375,3480.0,3420.0,3425.0,2180856,0.02502354969145104,3391.021414620536,3318.5095098586307,0.01146723861696965,-0.3605844192779082,0
2022-12-02,3034.576904296875,3439.14990234375,3468.89990234375,3413.0,3458.10009765625,2411749,-0.010501633083178752,3409.7142508370534,3327.911888485863,0.012917532220967745,0.10587264817117692,0
2022-12-05,3022.885498046875,3425.89990234375,3439.14990234375,3407.0,3433.0,1475065,-0.00385269626978757,3416.2499651227677,3338.3475981212796,0.011096093250592375,-0.3883836999621436,0
2022-12-06,2987.106201171875,3385.35009765625,3407.949951171875,3368.0,3400.050048828125,1166999,-0.01183624911508907,3415.6357073102677,3346.3452264694943,0.012234749246747325,-0.2088491015650158,0
2022-12-07,2982.914794921875,3380.60009765625,3393.699951171875,3354.0,3368.300048828125,1167505,-0.0014031045129685449,3413.5428641183034,3353.3404715401784,0.01221556837418025,0.00043359077428517523,0
2022-12-08,2956.39990234375,3350.550048828125,3380.60009765625,3339.449951171875,3360.0,1285619,-0.008888968810288556,3406.8571428571427,3359.7452334449404,0.012586368147258518,0.10116787508404679,0
2022-12-09,2905.399169921875,3292.75,3374.10009765625,3276.35009765625,3374.10009765625,1797896,-0.01725091342788354,3392.8499930245534,3363.8928571428573,0.013857770019374337,0.39846719751341575,0
2022-12-12,2899.840087890625,3286.449951171875,3296.0,3236.10009765625,3255.5,1527610,-0.0019133091877989727,3365.8214285714284,3362.4880952380954,0.005846562943838627,-0.15033461334804687,1
2022-12-13,2940.119873046875,3332.10009765625,3336.449951171875,3267.800048828125,3277.199951171875,1378016,0.01389041280488601,3350.5285993303573,3362.326195126488,0.009921095544365885,-0.09792682687335119,1
2022-12-14,2969.45849609375,3365.35009765625,3377.0,3340.89990234375,3348.800048828125,1213311,0.009978691823630204,3341.8786272321427,3363.885718936012,0.011339340420108987,-0.11952328565125514,0
2022-12-15,2916.296630859375,3305.10009765625,3364.75,3298.949951171875,3358.800048828125,1415694,-0.01790304076891147,3330.4143415178573,3361.4928617931546,0.012358847545655124,0.16680224608529892,0
2022-12-16,2859.0751953125,3240.25,3292.0,3225.199951171875,3275.0,2703680,-0.019621220459325017,3310.364327566964,3356.3142903645835,0.013722154983097328,0.9097912401973873,0
2022-12-19,2825.368896484375,3202.050048828125,3245.5,3194.5,3227.0,2120965,-0.011789198725985606,3289.1500418526784,3349.5809616815477,0.013868393081356538,-0.21552661557580777,1
2022-12-20,2862.339599609375,3243.949951171875,3249.0,3163.64990234375,3198.89990234375,1529971,0.013085336489067068,3282.1786063058034,3347.6976260230654,0.014621907664076695,-0.2786439191594392,1
2022-12-21,2884.046142578125,3268.550048828125,3283.050048828125,3240.0,3249.0,1432566,0.007583377680461245,3279.6214773995534,3345.488106863839,0.015069227845975154,-0.06366460540755348,0
2022-12-22,2876.23681640625,3259.699951171875,3294.0,3245.10009765625,3294.0,1384101,-0.002707652483223577,3269.2785993303573,3343.1738164992557,0.013631296701890455,-0.033830902031738885,0
2022-12-23,2848.575439453125,3228.35009765625,3266.85009765625,3217.0,3217.0,1360281,-0.009617404664608697,3249.7071707589284,3335.9452543712796,0.012471745533298016,-0.017209726746819753,1
2022-12-26,2870.236572265625,3252.89990234375,3272.0,3225.050048828125,3228.35009765625,870157,0.007604443119512583,3242.25,3329.433349609375,0.012084492804129899,-0.36031084753811893,1
2022-12-27,2876.060546875,3259.5,3273.800048828125,3231.5,3269.199951171875,835883,0.0020289888574482884,3245.0,3322.969063895089,0.009345400491399505,-0.03938829429631663,0
2022-12-28,2873.943603515625,3257.10009765625,3266.10009765625,3226.0,3249.800048828125,910795,-0.0007362792893849113,3252.8642926897323,3316.2904924665177,0.00762214225168853,0.08962019804207055,1
2022-12-29,2884.22265625,3268.75,3271.5,3228.0,3231.10009765625,1037927,0.0035767713593244377,3256.407156808036,3310.478585379464,0.006111084687984251,0.13958355063433592,0
2022-12-30,2873.59033203125,3256.699951171875,3299.0,3246.199951171875,3286.050048828125,1163131,-0.0036864394120459387,3254.714285714286,3300.0523972284227,0.0055813329844272095,0.12062890742797894,1
2023-01-02,2877.781005859375,3261.449951171875,3266.85009765625,3235.199951171875,3261.0,709547,0.0014585316643280777,3254.964285714286,3291.5904947916665,0.005529239305097246,-0.3899681119323619,1
2023-01-03,2921.81103515625,3311.35009765625,3320.0,3245.300048828125,3252.0,1245178,0.015299988419704258,3266.8214285714284,3286.1357421875,0.006216352233690202,0.7548915011972428,1
2023-01-04,2924.72314453125,3314.64990234375,3327.35009765625,3286.199951171875,3306.699951171875,1231668,0.000996513382814923,3275.6428571428573,3282.769066220238,0.006014097591601268,-0.010849854398326975,0
2023-01-05,2921.591064453125,3311.10009765625,3337.300048828125,3281.949951171875,3330.199951171875,1826057,-0.0010709440791891733,3283.0142996651784,3279.459542410714,0.006183943016990954,0.48258865213677704,0
2023-01-06,2833.75146484375,3211.550048828125,3301.550048828125,3200.0,3300.0,2488376,-0.030065550992732337,3276.507149832589,3272.8404947916665,0.01380021675219212,0.3627044500801453,1
2023-01-09,2929.399169921875,3319.949951171875,3327.0,3221.14990234375,3229.0,2885060,0.033753141223286987,3283.8214285714284,3274.1357305617557,0.01938808749587046,0.15941481512440236,0
2023-01-10,2899.7958984375,3286.39990234375,3298.0,3230.10009765625,3285.0,3864655,-0.01010558873524059,3288.064278738839,3274.133347284226,0.019868885450052057,0.339540598809037,1
2023-01-11,2937.1201171875,3328.699951171875,3349.5,3271.14990234375,3290.10009765625,2720512,0.01287124211449675,3297.6714215959823,3273.971435546875,0.020330988947558238,-0.29605307588905094,1
2023-01-12,2942.10498046875,3334.35009765625,3350.0,3315.550048828125,3329.0,2250391,0.0016974033608483374,3300.9571358816966,3272.4952450706846,0.019607426054466727,-0.17280607473887266,1
2023-01-13,2977.575927734375,3374.550048828125,3379.0,3305.0,3342.89990234375,1742837,0.012056307824463985,3309.5142996651784,3275.8023856026784,0.020033613165460665,-0.2255403616527083,0
2023-01-16,3008.709716796875,3334.050048828125,3353.0,3298.050048828125,3317.0,1843607,-0.012001600039704408,3312.7928641183034,3280.2690545944943,0.02079126247739399,0.057819520701017924,1
2023-01-17,3048.731689453125,3378.39990234375,3381.800048828125,3321.0,3330.0,1688475,0.013302095909212053,3336.6285574776784,3288.6666666666665,0.015791972906122977,-0.08414591613071554,1
2023-01-18,3059.200439453125,3390.0,3408.949951171875,3372.25,3380.0,2421189,0.003433607030417729,3346.6357073102677,3295.6214308965773,0.01067919603217448,0.433950162128548,0
2023-01-19,3043.949951171875,3373.10009765625,3387.0,3361.0,3380.0,1585044,-0.004985221930309702,3359.0214494977677,3300.6000046502977,0.009765265113297304,-0.34534478720992046,0
2023-01-20,3034.925048828125,3363.10009765625,3394.64990234375,3355.60009765625,3365.0,1529349,-0.002964631855114086,3363.9357561383927,3305.5238211495534,0.009117628948309798,-0.03513782582691716,1
2023-01-23,3081.67041015625,3414.89990234375,3419.0,3355.60009765625,3388.0,1067916,0.015402397544931556,3375.44287109375,3314.4071451822915,0.010528086121182384,-0.30171857437380223,1
2023-01-24,3100.982177734375,3436.300048828125,3451.949951171875,3417.300048828125,3425.0,1387863,0.0062666980281580464,3384.2642996651784,3323.1404854910716,0.009952169687376227,0.2995994066949086,0
2023-01-25,3095.0712890625,3429.75,3435.0,3405.0,3425.300048828125,874110,-0.0019061341370230078,3397.935721261161,3331.247628348214,0.008021659033535541,-0.3701755864952089,0
2023-01-27,3078.196044921875,3411.050048828125,3446.0,3382.300048828125,3426.0,1785879,-0.005452278204497452,3402.600027901786,3338.5785784040177,0.007545337961170946,1.0430826783814395,1
2023-01-30,3098.591064453125,3433.64990234375,3458.449951171875,3385.550048828125,3420.0,1953798,0.00662548282555675,3408.8357282366073,3346.430954706101,0.007781521893823411,0.09402596704479982,0
2023-01-31,3030.954345703125,3358.699951171875,3449.0,3351.0,3449.0,2820375,-0.021828070217850493,3406.778564453125,3351.2880975632443,0.011810250192799361,0.443534592624212,1
2023-02-01,3075.759765625,3408.35009765625,3419.0,3355.0,3363.0,2205161,0.01478254896423592,3413.242850167411,3358.2833426339284,0.013045990301515193,-0.21813198599477024,1
2023-02-02,3122.73046875,3460.39990234375,3469.0,3420.10009765625,3427.0,1813847,0.015271261224981458,3419.742850167411,3365.3809523809523,0.013023585900769455,-0.17745370972913088,1
2023-02-03,3142.49365234375,3482.300048828125,3504.0,3452.89990234375,3504.0,1804469,0.006328790631840553,3426.314278738839,3373.3642926897323,0.013027024284623762,-0.005170226595738181,0
2023-02-06,3122.324462890625,3459.949951171875,3473.14990234375,3436.85009765625,3473.14990234375,1138714,-0.0064181998514950545,3430.6285574776784,3380.4523809523807,0.013358455493812668,-0.3689478733078817,1
2023-02-07,3133.694580078125,3472.550048828125,3493.0,3461.39990234375,3468.89990234375,1455647,0.003641699398565734,3439.4142717633927,3392.8809523809523,0.013027032892087639,0.2783253740623195,1
2023-02-08,3176.605224609375,3520.10009765625,3539.89990234375,3478.050048828125,3478.050048828125,1986946,0.013693121239295447,3451.7642996651784,3402.411911737351,0.013647511698685326,0.3649916497612402,1
2023-02-09,3195.330322265625,3540.85009765625,3547.60009765625,3505.300048828125,3515.0,1655427,0.005894718736497273,3477.7857491629466,3414.528587704613,0.007791720047265878,-0.16684852029194552,0
2023-02-10,3192.351806640625,3537.550048828125,3542.35009765625,3508.14990234375,3520.0,1187821,-0.0009319933736560149,3496.2428850446427,3424.473830450149,0.007639436954424587,-0.2824685111454628,0
2023-02-13,3142.58349609375,3482.39990234375,3549.0,3473.39990234375,3549.0,1087939,-0.01558992684856697,3499.3857421875,3431.5238211495534,0.00961262468934509,-0.08408842746508105,1
2023-02-14,3158.556640625,3500.10009765625,3524.85009765625,3495.0,3505.0,1579818,0.005082757813250405,3501.9286063058034,3437.502394903274,0.009507282311868022,0.45212001775834865,1
2023-02-15,3177.1015625,3520.64990234375,3526.0,3460.14990234375,3487.0,1429449,0.005871204855329992,3510.600027901786,3446.3881022135415,0.009084506206392423,-0.09518121707690375,1
2023-02-16,3210.8515625,3558.050048828125,3575.0,3527.0,3527.199951171875,1618931,0.010623080261254358,3522.8143136160716,3454.94287109375,0.009596573678332882,0.13255597086709625,0
2023-02-17,3159.50390625,3501.14990234375,3538.89990234375,3490.0,3526.14990234375,1061369,-0.015991946629057563,3520.1071428571427,3460.2357235863096,0.01083149706750538,-0.3444013364374393,0
2023-02-20,3147.005859375,3487.300048828125,3522.0,3475.050048828125,3502.0,1296082,-0.003955801351536947,3512.4571358816966,3465.6738164992557,0.010462441819840886,0.22114175183183238,0
2023-02-21,3114.248291015625,3451.0,3508.89990234375,3444.75,3494.0,1139541,-0.010409212949807234,3500.092843191964,3469.8595261346727,0.010886553084579276,-0.12078016668698432,0
2023-02-22,3069.623291015625,3401.550048828125,3447.0,3395.0,3414.949951171875,1218430,-0.014329165798862675,3488.5428641183034,3469.2238188244046,0.010660931563888521,0.0692287508742555,1
2023-02-23,3080.677490234375,3413.800048828125,3452.39990234375,3408.0,3421.0,1441570,0.0036012993559275674,3476.214285714286,3468.152390252976,0.0104799228596128,0.18313731605426664,0
2023-02-24,3068.63037109375,3400.449951171875,3433.949951171875,3382.300048828125,3422.5,977592,-0.003910626710791898,3459.0428641183034,3466.757149832589,0.009638461226243211,-0.3218560319651491,0
2023-02-27,3006.724853515625,3331.85009765625,3390.0,3316.0,3390.0,1128022,-0.020173757738144005,3426.728585379464,3462.9857235863096,0.008302532378991397,0.15387810047545392,0
2023-02-28,2989.578857421875,3312.85009765625,3392.0,3299.89990234375,3328.5,4116217,-0.00570253746210414,3399.82861328125,3457.233351934524,0.007819108629118932,2.6490573765405285,1
2023-03-01,3055.3193359375,3385.699951171875,3389.0,3315.0,3323.0,1669307,0.021990084479573735,3385.3143136160716,3458.519066220238,0.013816695097878227,-0.5944560260064035,0
2023-03-02,2997.33935546875,3321.449951171875,3369.89990234375,3318.0,3361.0,1556538,-0.018976873593822607,3366.8071637834823,3454.3809640066966,0.014809133293729005,-0.06755438035064854,1
2023-03-03,3016.01953125,3342.14990234375,3358.0,3331.10009765625,3354.0,1043190,0.006232203247431567,3358.3214285714284,3448.7500116257443,0.014772112738026864,-0.329801135597075,1
2023-03-06,3042.82177734375,3371.85009765625,3404.949951171875,3359.0,3361.89990234375,1334132,0.008886553918982631,3352.3285784040177,3443.4904901413693,0.015258242359414703,0.2788964618142429,1
2023-03-08,3059.56103515625,3390.39990234375,3396.0,3330.85009765625,3364.0,1844590,0.005501372881431932,3350.8928571428573,3440.1785830543154,0.015440976820752551,0.3826143140258984,0
2023-03-09,3011.236572265625,3336.85009765625,3385.0,3330.85009765625,3385.0,1648500,-0.01579453935521924,3351.6071428571427,3433.7166806175596,0.014566492994074953,-0.10630546625537385,0
2023-03-10,3005.957763671875,3331.0,3337.25,3290.0,3312.89990234375,1024404,-0.0017531796409910871,3354.1999860491073,3424.7119140625,0.01437017905047026,-0.37858416742493173,0
2023-03-13,2961.693603515625,3281.949951171875,3369.800048828125,3272.0,3333.0,1901233,-0.014725322374099403,3339.3785574776784,3412.3833356584823,0.01185712175501,0.8559406249877979,0
2023-03-14,2901.232177734375,3214.949951171875,3304.39990234375,3209.39990234375,3280.0,2670334,-0.020414692788376154,3324.1642717633927,3397.0214262462796,0.012160782269925962,0.4045274829544827,0
2023-03-15,2886.74755859375,3198.89990234375,3260.35009765625,3192.0,3250.0,1780522,-0.004992316854660395,3303.6999860491073,3383.5214262462796,0.011199338388044312,-0.3332212374931376,0
2023-03-16,2874.204345703125,3185.0,3219.800048828125,3172.0,3208.0,1901060,-0.00434521328209303,3277.0071149553573,3368.5166596912204,0.009163184045180114,0.0676981244825956,0
2023-03-17,2869.060546875,3179.300048828125,3221.39990234375,3144.0,3150.5,6739966,-0.0017896236018445366,3246.8499930245534,3352.2619047619046,0.007652667577473335,2.5453725816123636,0
2023-03-20,2836.573486328125,3143.300048828125,3169.64990234375,3095.050048828125,3169.64990234375,2289468,-0.01132324708178123,3219.1999860491073,3332.5119047619046,0.007173987761934051,-0.6603146069282841,0
2023-03-21,2803.004150390625,3106.10009765625,3156.75,3097.449951171875,3143.300048828125,1815297,-0.011834680302233225,3187.0714285714284,3313.7000093005954,0.00658695806940848,-0.207109686617153,1
2023-03-22,2825.29296875,3130.800048828125,3143.5,3106.10009765625,3130.050048828125,1123939,0.007952078296032061,3165.478585379464,3296.7238188244046,0.008972970864746447,-0.38085117752081343,0
2023-03-23,2819.742919921875,3124.64990234375,3146.35009765625,3101.0,3114.89990234375,1372218,-0.001964400916205755,3152.5785784040177,3281.1833379836307,0.006683125462507339,0.22090077842302835,0
2023-03-24,2815.998046875,3120.5,3170.0,3106.0,3148.89990234375,1329577,-0.0013281175406681944,3141.378592354911,3267.800002325149,0.006739591531219522,-0.031074508569338133,1
2023-03-27,2817.622802734375,3122.300048828125,3152.75,3106.0,3135.0,1524217,0.0005768462836484023,3132.421456473214,3253.9190499441966,0.006894021891185159,0.14639242405667363,0
2023-03-28,2811.846923828125,3115.89990234375,3149.550048828125,3110.14990234375,3127.0,1303530,-0.0020498178856247495,3123.3642926897323,3240.3690476190477,0.0068882654508677236,-0.1447871267673828,1
2023-03-29,2832.6025390625,3138.89990234375,3150.0,3104.10009765625,3129.0,1740616,0.007381495144532568,3122.7357003348216,3231.1809430803573,0.006679692716275932,0.33530950572675744,1
2023-03-31,2893.065185546875,3205.89990234375,3213.0,3152.0,3189.949951171875,2382581,0.021345057849717408,3136.9928152901784,3226.0880766369046,0.008543985524062403,0.36881483336933596,0
2023-04-03,2887.740966796875,3200.0,3224.949951171875,3173.75,3224.949951171875,1521830,-0.0018403264367164995,3146.8785226004466,3217.2452218191966,0.008696150335844567,-0.36126830525384024,1
2023-04-05,2923.656494140625,3239.800048828125,3264.35009765625,3185.5,3185.5,2655065,0.012437515258789,3163.328543526786,3213.357131231399,0.008980694263072362,0.7446528193030759,0
2023-04-06,2906.420654296875,3220.699951171875,3257.35009765625,3215.0,3225.0,1703464,-0.005895455697384366,3177.642822265625,3207.573800223214,0.009674623237348341,-0.358409681118918,1
2023-04-10,2944.9541015625,3263.39990234375,3272.0,3215.0,3220.0,2203187,0.013257972434326915,3197.7999441964284,3202.4095052083335,0.009985641979741246,0.29335694796015654,0
2023-04-11,2900.194091796875,3213.800048828125,3272.949951171875,3192.14990234375,3264.0,2348779,-0.015198827909507107,3211.7856794084823,3193.9999883742557,0.01270219308355317,0.0660824523746737,1
2023-04-12,2925.32666015625,3241.64990234375,3260.949951171875,3199.0,3227.949951171875,2417727,0.008665708224685709,3226.4642508370534,3189.4666457403273,0.012759920173454653,0.029354826486442498,0
2023-04-13,2877.678466796875,3188.85009765625,3230.0,3180.0,3210.0,4174070,-0.016287941720457,3224.028564453125,3182.6976027715773,0.012494189456031517,0.7264438871717114,0
2023-04-17,2833.14453125,3139.5,3163.39990234375,3070.25,3134.10009765625,5505048,-0.015475828635695854,3215.3857073102677,3175.9142717633927,0.013706707311826388,0.31886815506208577,0
2023-04-18,2825.24853515625,3130.75,3156.85009765625,3110.60009765625,3154.949951171875,2617302,-0.00278706800445927,3199.80712890625,3171.9047502790177,0.012019062788627854,-0.5245632735627374,0
2023-04-19,2788.114013671875,3089.60009765625,3140.0,3071.5,3130.75,3298034,-0.01314378418709572,3181.0785784040177,3166.699997674851,0.012432544441387633,0.2600892063659448,1
2023-04-20,2801.83056640625,3104.800048828125,3113.0,3078.0,3090.0,2419999,0.004919714749946236,3158.421456473214,3162.8809523809523,0.010553843306059619,-0.2662298205536996,1
2023-04-21,2852.41064453125,3160.85009765625,3164.449951171875,3100.800048828125,3110.0,1929184,0.018052708047747057,3150.857177734375,3162.0023832775296,0.013377178059036422,-0.2028161995108262,1
2023-04-24,2865.0,3174.800048828125,3180.949951171875,3126.14990234375,3151.10009765625,1640676,0.0044133542372726264,3141.307198660714,3163.5023832775296,0.01288400409952234,-0.14954923947119614,1
2023-04-25,2866.082763671875,3176.0,3191.199951171875,3147.5,3183.0,2024090,0.0003779611797340987,3139.4714704241073,3166.8309500558034,0.011459033064071278,0.23369269740033993,1
2023-04-26,2886.07080078125,3198.14990234375,3208.39990234375,3181.0,3181.0,2000029,0.006974150612012009,3147.850027901786,3170.0380859375,0.009559992734520463,-0.011887317263560404,0
2023-04-27,2876.86669921875,3187.949951171875,3199.199951171875,3170.64990234375,3185.0,2434446,-0.003189328669178426,3156.0214494977677,3173.0523739769346,0.009599507302703465,0.2172053505224174,1
2023-04-28,2905.11181640625,3219.25,3227.25,3196.25,3200.39990234375,2931312,0.009818237208090164,3174.5428641183034,3177.7547549293154,0.006837079554672515,0.20409818085921816,1
2023-05-02,2905.2470703125,3219.39990234375,3235.0,3210.0,3235.0,2321159,4.656436864181046e-05,3190.9142717633927,3182.3785574776784,0.0071934713561280445,-0.2081501389139061,0
2023-05-03,2869.60205078125,3179.89990234375,3216.0,3173.14990234375,3216.0,2468285,-0.0122693673349632,3193.635672433036,3185.4261765252977,0.007302137634093195,0.06338471427420522,1
2023-05-04,2906.420654296875,3220.699951171875,3224.449951171875,3178.0,3180.14990234375,1953253,0.012830607906259228,3200.192801339286,3189.3214169456846,0.008564563046905307,-0.2086598589709049,1
2023-05-05,2915.445068359375,3230.699951171875,3244.0,3210.050048828125,3220.0,1710027,0.0031049151276452136,3208.007080078125,3190.502371651786,0.008535994102918961,-0.12452355122454695,1
2023-05-08,2933.4033203125,3250.60009765625,3254.85009765625,3231.300048828125,3245.0,928235,0.006159701236617909,3215.4999651227677,3192.9119001116073,0.00846971991014271,-0.4571810854448497,1
2023-05-09,2962.866943359375,3283.25,3298.0,3246.0,3252.60009765625,1107375,0.010044269169650066,3229.1142578125,3194.9809454055057,0.008502177827237297,0.19298992173318186,1
2023-05-10,2966.07080078125,3286.800048828125,3306.5,3266.050048828125,3290.0,1559987,0.0010812605887839943,3238.7642647879466,3198.1285691034227,0.008183471351824753,0.40872513827745793,0
2023-05-11,2961.87451171875,3282.14990234375,3309.699951171875,3272.0,3309.0,1719623,-0.0014147944551823333,3247.7285505022323,3199.0214262462796,0.008289319547682592,0.1023316219942858,0
2023-05-12,2954.79052734375,3274.300048828125,3290.0,3260.0,3279.14990234375,1027479,-0.0023916803769442607,3261.214285714286,3201.9023786272323,0.005750147652107956,-0.4024975241666342,0
2023-05-15,2937.4189453125,3255.050048828125,3292.0,3248.35009765625,3284.0,1150390,-0.005879119113378017,3266.1214425223216,3202.540480840774,0.005409175397887075,0.11962385605934522,1
2023-05-16,2940.21630859375,3258.14990234375,3285.0,3250.449951171875,3256.199951171875,986306,0.0009523213066235936,3270.0428641183034,3205.8404715401784,0.005365679887269483,-0.1426333678143934,0
2023-05-17,2895.591796875,3208.699951171875,3280.0,3198.25,3255.949951171875,1588815,-0.015177310023796964,3264.05712890625,3209.1357073102677,0.007662123948685733,0.6108743128400314,0
2023-05-18,2887.60546875,3199.85009765625,3228.949951171875,3195.0,3225.949951171875,1369364,-0.0027580807337229674,3252.1428571428573,3212.4261881510415,0.005609350360496124,-0.13812243716228767,1
2023-05-19,2908.36083984375,3222.85009765625,3234.5,3203.050048828125,3210.0,1152449,0.007187836710490503,3243.007149832589,3218.7714262462796,0.006814210921877407,-0.15840565401164342,1
2023-05-22,2976.809814453125,3298.699951171875,3308.449951171875,3217.050048828125,3230.0,1333243,0.02353502372660321,3245.3714425223216,3228.0047549293154,0.012113617278661325,0.15687809178540646,0
2023-05-23,2975.320556640625,3297.050048828125,3327.949951171875,3290.10009765625,3306.0,1687418,-0.0005001674502598252,3248.6214425223216,3234.4904668898807,0.012051982113111957,0.2656492477365342,1
2023-05-24,2981.005859375,3303.35009765625,3317.199951171875,3276.0,3276.0,1016555,0.0019108138289753995,3255.5214494977677,3240.6118977864585,0.011658598817717932,-0.3975677632927941,0
2023-05-25,2972.116943359375,3293.5,3306.0,3267.10009765625,3294.0,1374917,-0.0029818509588913633,3260.571463448661,3246.2071358816966,0.011820468217443508,0.3525259331762669,1
2023-05-26,3004.06298828125,3328.89990234375,3338.64990234375,3291.0,3293.5,1791115,0.010748414253453742,3277.7428850446427,3252.433326357887,0.00952553786346091,0.3027077270846168,0
2023-05-29,2996.346923828125,3320.35009765625,3372.0,3312.0,3360.800048828125,1210372,-0.002568357396832588,3294.9571707589284,3258.7380952380954,0.009499001651957379,-0.3242354622679169,0
2023-05-30,2992.601806640625,3316.199951171875,3326.949951171875,3301.35009765625,3315.0,1344224,-0.0012499123171693105,3308.2928641183034,3263.354759579613,0.00975629221425381,0.11058748880509461,0
2023-05-31,2968.50732421875,3289.5,3327.699951171875,3265.14990234375,3309.0,5815424,-0.008051369508777606,3306.978585379464,3266.6928594680057,0.005777382854149712,3.3262313423953147,1
2023-06-01,2999.640625,3324.0,3340.0,3297.5,3314.0,1177314,0.010487916096671324,3310.8285784040177,3273.5547688802085,0.007085426405600095,-0.7975531964651245,0
2023-06-02,2983.036376953125,3305.60009765625,3335.89990234375,3297.449951171875,3326.25,2030661,-0.0055354700191786455,3311.1500069754466,3277.597632998512,0.007504863829495759,0.7248253227261376,0
2023-06-05,2967.9658203125,3288.89990234375,3327.0,3285.050048828125,3315.0,1861468,-0.00505209184993094,3310.492850167411,3280.3690592447915,0.007686137008687976,-0.08331917538180922,0
2023-06-06,2916.888916015625,3232.300048828125,3288.85009765625,3220.60009765625,3280.0,2022849,-0.017209357291564475,3296.69287109375,3279.497628348214,0.008303404113356729,0.08669555426147535,1
2023-06-07,2955.33203125,3274.89990234375,3278.85009765625,3241.0,3253.0,1567196,0.013179424209416979,3290.1999860491073,3279.1000046502977,0.01061946138108756,-0.22525309600469434,0
2023-06-08,2920.634033203125,3236.449951171875,3270.0,3233.0,3261.0,1759366,-0.011740801953781133,3278.80712890625,3276.7023809523807,0.011231960403698348,0.12262027212933169,0
2023-06-09,2896.133544921875,3209.300048828125,3250.0,3205.35009765625,3245.0,1775689,-0.008388791037513,3267.3499930245534,3273.2333403087796,0.011255860714426106,0.009277773925379984,1
2023-06-12,2930.064453125,3246.89990234375,3254.39990234375,3211.0,3215.0,2324605,0.011715904696837143,3256.335693359375,3271.9285714285716,0.01151613682166164,0.3091284566159953,0
2023-06-13,2927.1767578125,3243.699951171875,3265.0,3239.0,3260.0,1371928,-0.000985540444152666,3247.4928152901784,3271.3880905877977,0.011496673227186706,-0.40982317425971293,1
2023-06-14,2933.809326171875,3251.050048828125,3255.85009765625,3225.85009765625,3243.699951171875,1658544,0.002265961021947982,3242.085693359375,3271.050002325149,0.011573268788060921,0.20891475354391775,0
2023-06-15,2924.0361328125,3216.300048828125,3247.449951171875,3210.0,3245.300048828125,2273810,-0.01068885420958865,3239.799979073661,3271.411911737351,0.01029932141774177,0.3709675474391996,0
2023-06-16,2886.39794921875,3174.89990234375,3199.39990234375,3156.0,3197.0,4156189,-0.012871978937244788,3225.5142647879466,3270.223807198661,0.009100698637657433,0.8278523711303936,1
2023-06-19,2918.671875,3210.39990234375,3214.89990234375,3175.0,3190.0,1468186,0.011181454877929653,3221.7928292410716,3269.6309407552085,0.010083614532845096,-0.6467470560169424,1
2023-06-20,2934.39990234375,3227.699951171875,3232.5,3201.050048828125,3214.0,1528452,0.005388751979307882,3224.42138671875,3266.2499883742557,0.009765745302420926,0.0410479326188915,1
2023-06-21,2962.12841796875,3258.199951171875,3261.39990234375,3223.949951171875,3250.0,1645987,0.009449453313938427,3226.0356794084823,3264.3999837239585,0.009375532338195474,0.07689806418520173,0
2023-06-22,2944.218994140625,3238.5,3267.64990234375,3230.10009765625,3260.0,1529603,-0.0060462683282496155,3225.2928292410716,3261.3118838355654,0.009701697980786277,-0.07070772733928032,0
2023-06-23,2924.08154296875,3216.35009765625,3249.39990234375,3209.14990234375,3237.300048828125,1119505,-0.006839556073413577,3220.335693359375,3257.6380789620534,0.009925559006884471,-0.2681074762536423,0
2023-06-26,2899.8076171875,3189.64990234375,3213.89990234375,3173.0,3205.0,1978803,-0.008301395837460701,3216.5285295758927,3251.007126581101,0.009592186023516532,0.7675695954908643,1
2023-06-27,2906.80810546875,3197.35009765625,3209.64990234375,3182.300048828125,3202.0,863542,0.0024141192758622143,3219.7357003348216,3245.1499837239585,0.008102797652798172,-0.5636038554621152,1
2023-06-28,2923.26318359375,3215.449951171875,3230.949951171875,3193.39990234375,3208.0,1575872,0.005660891977044669,3220.4571358816966,3240.352364676339,0.007165065317739887,0.824893288340347,1
2023-06-30,3002.17626953125,3302.25,3310.0,3214.10009765625,3220.0,2672406,0.026994681971800105,3231.1071428571427,3240.9595075334823,0.01245231140216129,0.6958268184218008,0
2023-07-03,2974.947265625,3272.300048828125,3318.800048828125,3268.75,3314.300048828125,1687264,-0.009069558989136195,3233.1214425223216,3238.497605096726,0.012895634420732487,-0.3686348556319661,1
2023-07-04,3008.176025390625,3308.85009765625,3315.0,3277.300048828125,3290.0,1656681,0.011169528552619878,3243.171456473214,3238.652367001488,0.01303821977760964,-0.018125794185142374,1
2023-07-05,3018.267822265625,3319.949951171875,3329.0,3305.0,3320.0,1453008,0.0033545954600624484,3257.971435546875,3240.1309407552085,0.012284392995852607,-0.12294038502282578,1
2023-07-06,3020.949462890625,3322.89990234375,3328.449951171875,3302.0,3306.550048828125,1848238,0.0008885529044899698,3277.007149832589,3244.4452194940477,0.011110367832713708,0.2720081376014447,1
2023-07-07,3026.72216796875,3329.25,3356.89990234375,3302.0,3302.0,1789326,0.0019110108167179618,3295.8499930245534,3247.0333193824404,0.011138389821461498,-0.03187468280600225,0
2023-07-10,2974.62939453125,3271.949951171875,3324.75,3265.199951171875,3324.75,1407431,-0.017211098243786083,3303.9214215959823,3248.7237955729165,0.014148998538447847,-0.21342952597793807,1
2023-07-11,2975.0380859375,3272.39990234375,3295.0,3260.800048828125,3295.0,1110172,0.00013751774281067775,3299.6571219308034,3251.7285505022323,0.009199991513309516,-0.21120680161229932,0
2023-07-12,2963.673828125,3259.89990234375,3289.14990234375,3250.10009765625,3280.949951171875,1515240,-0.0038198265410799292,3297.885672433036,3252.3475981212796,0.00865510102366761,0.36486958777558787,1
2023-07-13,3036.99560546875,3340.550048828125,3367.449951171875,3272.75,3284.0,4585146,0.024740068376452484,3302.414236886161,3256.9595075334823,0.012411752579419226,2.0260196404529975,1
2023-07-14,3195.27490234375,3514.64990234375,3524.85009765625,3352.0,3365.0,6306101,0.052117121722723425,3330.228515625,3269.5118815104165,0.02291373067046119,0.37533265025802875,0
2023-07-17,3174.41015625,3491.699951171875,3549.89990234375,3477.050048828125,3510.0,2743228,-0.0065297972229242385,3354.3428083147323,3282.6261625744046,0.023483227833458447,-0.5649882550247768,1
2023-07-18,3179.093017578125,3496.85009765625,3524.0,3465.0,3476.0,2600090,0.0014749682264785235,3378.2856794084823,3297.9571242559523,0.023500585412213917,-0.05217867417509592,0
2023-07-19,3154.728271484375,3470.050048828125,3516.85009765625,3445.64990234375,3500.0,2405370,-0.0076640542430136405,3406.585693359375,3310.3214169456846,0.022076738616120018,-0.07488971535600686,0
2023-07-20,3156.779296875,3463.300048828125,3478.89990234375,3436.050048828125,3453.10009765625,1715404,-0.0019452169003382203,3433.8571428571427,3321.5404692150296,0.02222391719787193,-0.2868440198389437,0
2023-07-21,3070.18701171875,3368.300048828125,3434.89990234375,3359.050048828125,3404.050048828125,3770223,-0.027430484988485215,3449.3428780691966,3326.7833310081846,0.025869538538868062,1.1978630106960226,1
2023-07-24,3094.295654296875,3394.75,3413.449951171875,3372.10009765625,3381.0,1680132,0.007852611343540206,3457.0857282366073,3334.223807198661,0.024467593951725153,-0.5543680042268057,1
2023-07-25,3098.306396484375,3399.14990234375,3406.800048828125,3380.199951171875,3397.5,1272980,0.0012960902404448582,3440.5857282366073,3342.9285598028273,0.011314066721894948,-0.24233334047562927,0
2023-07-26,3088.4169921875,3388.300048828125,3420.85009765625,3385.0,3400.35009765625,1066803,-0.00319193146149388,3425.8143136160716,3352.3880905877977,0.0112947398116441,-0.16196405285236215,1
2023-07-27,3096.255615234375,3396.89990234375,3411.64990234375,3385.050048828125,3394.949951171875,1701769,0.0025381027039206305,3411.535714285714,3361.8904622395835,0.01139097134525216,0.5952045504183996,0
2023-07-28,3058.428955078125,3355.39990234375,3393.699951171875,3331.0,3385.0,2599831,-0.012217021753089141,3395.1571219308034,3368.5547456287204,0.011754072718439555,0.5277226227531469,1
2023-07-31,3118.632080078125,3421.449951171875,3426.64990234375,3360.89990234375,3364.39990234375,2743678,0.019684702494623396,3389.178536551339,3374.230933779762,0.015002004034288207,0.05532936563953572,1
2023-08-01,3146.5244140625,3452.050048828125,3460.0,3415.0,3415.0,1956167,0.008943605223793893,3401.142822265625,3382.790457589286,0.010067176663670675,-0.2870274864616037,0
2023-08-02,3136.13330078125,3440.64990234375,3446.39990234375,3413.60009765625,3434.949951171875,1914899,-0.003302427926340501,3407.699951171875,3389.0666387648807,0.01015655906508095,-0.021096358337503895,0
2023-08-03,3099.035888671875,3399.949951171875,3433.25,3368.0,3420.0,2026351,-0.01182914633196197,3407.8142438616073,3392.8761625744046,0.011431975411145281,0.05820254749728315,1
2023-08-04,3138.77685546875,3443.550048828125,3471.0,3401.25,3401.25,2248493,0.012823746902868915,3415.707101004464,3398.621407645089,0.012239916325350056,0.10962661454012657,1
2023-08-07,3175.692138671875,3484.050048828125,3488.0,3441.25,3453.949951171875,1853889,0.011761118446291352,3428.1571219308034,3405.9928385416665,0.01274604698611671,-0.1754970996129408,0
2023-08-08,3163.433349609375,3470.60009765625,3489.949951171875,3456.60009765625,3484.050048828125,1634225,-0.003860435695061004,3444.6142926897323,3415.452369326637,0.011318770464233139,-0.11848821585326841,0
2023-08-09,3156.04931640625,3462.5,3467.0,3425.050048828125,3464.89990234375,1794589,-0.0023339184660658985,3450.478585379464,3424.5047549293154,0.009422257506937683,0.09812847068182173,0
2023-08-10,3137.45458984375,3442.10009765625,3464.89990234375,3430.050048828125,3450.0,1096701,-0.005891668546931461,3449.0571637834823,3433.180954706101,0.009198540102143238,-0.3888845858299589,1
2023-08-11,3143.56201171875,3448.800048828125,3466.64990234375,3414.0,3438.10009765625,1679974,0.0019464719159205668,3450.2214704241073,3438.335716610863,0.00913394751021458,0.5318432280083634,1
2023-08-14,3144.51953125,3449.85009765625,3455.0,3411.0,3440.699951171875,1190425,0.0003044678767276654,3457.3500627790177,3435.2500116257443,0.007423344961555716,-0.29140272408977763,1
2023-08-16,3152.312255859375,3458.39990234375,3466.0,3435.199951171875,3450.0,1328445,0.0024783119397879805,3459.4714704241073,3433.6642950148807,0.0057827056216126,0.11594178549677636,0
2023-08-17,3131.667236328125,3435.75,3460.800048828125,3413.199951171875,3455.0,1843241,-0.006549243286873896,3452.571463448661,3430.7547665550596,0.003659522960376914,0.38751773690292035,0
2023-08-18,3069.0927734375,3367.10009765625,3410.0,3356.5,3410.0,2526749,-0.01998105285418028,3437.7857491629466,3425.8523879278273,0.007783718894003177,0.3708185744566228,1
2023-08-21,3100.5849609375,3401.64990234375,3409.75,3372.0,3375.0,1375579,0.010260997203958677,3429.0928780691966,3422.9166666666665,0.009563377380172903,-0.4555933335681541,0
2023-08-22,3082.81103515625,3382.14990234375,3411.0,3365.050048828125,3400.0,1222012,-0.00573251232778671,3420.528564453125,3423.5761835007443,0.009554127538532579,-0.11163808112801954,1
2023-08-23,3097.486328125,3398.25,3402.0,3376.0,3388.0,1330046,0.004760314628601492,3413.30712890625,3423.742850167411,0.009826115040060776,0.08840666049105894,0
2023-08-24,3087.91552734375,3387.75,3413.050048828125,3378.10009765625,3408.0,1152881,-0.003089825645552824,3404.4356863839284,3423.199997674851,0.009773276624850944,-0.13320215992529583,0
2023-08-25,3082.035888671875,3381.300048828125,3385.800048828125,3350.25,3375.0,1158046,-0.0019039041168548154,3393.4214215959823,3422.8666643415177,0.00953491796152344,0.004480080771562811,0
2023-08-28,3076.79541015625,3375.550048828125,3394.0,3360.10009765625,3394.0,1037485,-0.00170052935763354,3384.8214285714284,3421.8500046502977,0.009424543322009834,-0.10410726344203947,1
2023-08-29,3077.342041015625,3376.14990234375,3389.550048828125,3365.0,3381.050048828125,944517,0.00017770541302830622,3386.1142578125,3422.8380998883927,0.005413066022855891,-0.08960900639527314,1
2023-08-30,3090.831787109375,3390.949951171875,3408.10009765625,3383.050048828125,3398.0,1188200,0.004383706072366822,3384.585693359375,3421.385718936012,0.00386128422274473,0.25799747384112726,0
2023-08-31,3059.704345703125,3356.800048828125,3417.39990234375,3343.64990234375,3401.0,3417652,-0.010070895423256898,3380.964285714286,3416.8500046502977,0.005024617978037153,1.876327217640128,1
2023-09-01,3080.12255859375,3379.199951171875,3389.0,3356.800048828125,3366.0,1277950,0.0066729927365110075,3378.242850167411,3413.9238164992557,0.005429763849138574,-0.6260736903581757,1
2023-09-04,3115.943603515625,3418.5,3432.85009765625,3370.050048828125,3378.0,1828332,0.011629986208568699,3382.6357073102677,3414.807152157738,0.0070108340196028554,0.4306756915372276,1
2023-09-05,3125.83349609375,3429.35009765625,3447.0,3405.14990234375,3420.0,1501842,0.003173935251206572,3389.5,3414.1309640066966,0.0068840962724406205,-0.178572600599891,1
2023-09-06,3126.3349609375,3429.89990234375,3443.89990234375,3398.10009765625,3434.0,1314818,0.0001603232892073425,3397.2642647879466,3411.5523856026784,0.0067502913050929295,-0.12452974414086171,1
2023-09-07,3149.441162109375,3455.25,3460.0,3422.300048828125,3430.800048828125,1885092,0.007390914714137109,3408.564278738839,3410.8214285714284,0.006920040512239341,0.433728470404269,0
2023-09-08,3137.272705078125,3441.89990234375,3465.0,3435.050048828125,3455.25,1518917,-0.0038637139588307834,3415.842843191964,3409.8404715401784,0.00739726092700472,-0.19424781389979906,1
2023-09-11,3172.59326171875,3480.64990234375,3485.699951171875,3445.0,3462.0,1783604,0.011258316946873848,3433.5356794084823,3411.6761765252977,0.005725263578058938,0.1742603447061295,1
2023-09-12,3263.87939453125,3580.800048828125,3589.89990234375,3483.0,3492.0,4476016,0.02877340419010177,3462.335693359375,3417.961890811012,0.010648070209381428,1.5095346276415618,0
2023-09-13,3252.075439453125,3567.85009765625,3588.85009765625,3545.0,3571.10009765625,1754929,-0.0036164965916243297,3483.6714215959823,3423.5809384300596,0.011400569862391977,-0.607926111077351,0
2023-09-14,3244.966064453125,3560.050048828125,3597.699951171875,3545.60009765625,3570.050048828125,2604721,-0.002186204188693086,3502.342843191964,3428.4214215959823,0.011809007967337038,0.4842315558065311,1
2023-09-15,3279.83056640625,3598.300048828125,3607.35009765625,3562.449951171875,3567.85009765625,2952897,0.010744230972986157,3526.4000069754466,3436.1619001116073,0.011700907740161684,0.13367113022853494,1
2023-09-18,3286.985595703125,3606.14990234375,3619.300048828125,3575.25,3580.050048828125,1395753,0.0021815450098947586,3547.9571358816966,3447.5452241443454,0.011831538591549581,-0.5273275701793865,0
2023-09-20,3286.894287109375,3606.050048828125,3625.0,3580.0,3580.0,1649396,-2.768978504197328e-05,3571.407156808036,3457.278564453125,0.011368339324940796,0.1817248467314776,0
2023-09-21,3267.9814453125,3585.300048828125,3605.0,3528.0,3588.550048828125,2004073,-0.005754218526929034,3586.357177734375,3466.9523809523807,0.012038282122911704,0.2150344732253504,1
2023-09-22,3284.706787109375,3603.64990234375,3633.75,3565.050048828125,3584.0,1989083,0.005118080290552829,3589.6214425223216,3476.733328683036,0.005648044645244523,-0.00747976745358081,0
2023-09-25,3260.55224609375,3577.14990234375,3620.0,3558.64990234375,3602.5,1238778,-0.00735365552096634,3590.9499860491073,3485.752371651786,0.006288897383067338,-0.3772115090219965,1
2023-09-26,3268.345458984375,3585.699951171875,3594.949951171875,3536.0,3567.60009765625,1726062,0.00239018466140406,3594.6142578125,3495.4857003348216,0.00621401282538459,0.39335861631381897,1
2023-09-27,3271.626708984375,3589.300048828125,3614.0,3555.699951171875,3590.0,1541134,0.0010040153122887752,3593.328543526786,3505.6642717633927,0.004546266495950152,-0.10713867752143313,0
2023-09-28,3223.72802734375,3536.75,3602.800048828125,3527.35009765625,3600.0,1755753,-0.014640751152939169,3583.4142717633927,3513.3118954613096,0.006848852673241669,0.1392604406884801,0
2023-09-29,3216.299072265625,3528.60009765625,3568.449951171875,3505.550048828125,3537.199951171875,2243791,-0.002304347874107604,3572.3499930245534,3519.8666643415177,0.006751280720240613,0.27796506684026734,0
2023-10-03,3202.85498046875,3513.85009765625,3534.199951171875,3480.10009765625,3534.199951171875,1948148,-0.004180127980441095,3562.1428571428573,3527.345238095238,0.006673017008097175,-0.13176048927908168,1
2023-10-04,3224.6396484375,3537.75,3548.0,3477.300048828125,3486.300048828125,1788138,0.006801628322076425,3552.728585379464,3534.895240420387,0.007029007074928459,-0.08213441689235113,1
2023-10-05,3271.673095703125,3589.35009765625,3624.0,3551.199951171875,3554.0,2990768,0.014585569261889697,3554.4714704241073,3543.030959356399,0.009137354072164592,0.6725599478340039,1
2023-10-06,3300.885986328125,3621.39990234375,3634.949951171875,3575.050048828125,3591.0,2075691,0.008929138650595192,3559.571463448661,3552.1761881510415,0.009678369126051814,-0.3059672298219053,1
2023-10-09,3316.3359375,3638.35009765625,3679.0,3631.0,3645.050048828125,4233074,0.004680564358973349,3566.57861328125,3562.1023879278273,0.009749224027214495,1.0393565323547675,0
2023-10-10,3307.72216796875,3628.89990234375,3648.0,3601.35009765625,3640.050048828125,1848148,-0.002597384819725712,3579.7428850446427,3570.3714308965773,0.007002698855059601,-0.5634028604271979,0
2023-10-11,3290.403564453125,3609.89990234375,3650.0,3605.0,3650.0,2426417,-0.005235746510320882,3591.3571428571427,3578.3714308965773,0.007492297500087818,0.31289106716561665,0
2023-10-12,3229.014892578125,3542.550048828125,3588.64990234375,3538.10009765625,3575.0,4241281,-0.018656986436631606,3595.4571358816966,3581.3190569196427,0.011049455966098552,0.7479604701088065,1
2023-10-13,3254.81005859375,3570.85009765625,3577.0,3525.0,3530.0,2890357,0.007988609458739138,3600.185721261161,3580.8452497209823,0.011158049056318156,-0.3185179194681984,0
2023-10-16,3212.152099609375,3524.050048828125,3574.64990234375,3519.10009765625,3566.0,1671104,-0.013106136507618271,3590.8571428571427,3578.7595331101193,0.010592397882650345,-0.42183474221350514,0
2023-10-17,3196.65673828125,3507.050048828125,3534.14990234375,3503.35009765625,3530.0,1672065,-0.0048239950524122666,3574.5214494977677,3576.2357235863096,0.009300458890146183,0.0005750689364636408,0
2023-10-18,3178.60888671875,3487.25,3522.699951171875,3484.0,3511.0,1408245,-0.005645784506195239,3552.935721261161,3570.9476260230654,0.008367069874050614,-0.1577809475110118,0
2023-10-19,3157.9560546875,3455.64990234375,3476.85009765625,3451.89990234375,3469.5,1514545,-0.009061609479174115,3528.185721261161,3563.780959356399,0.008283823173977613,0.07548402444176983,1
2023-10-20,3193.505126953125,3494.550048828125,3499.5,3444.050048828125,3450.39990234375,1481211,0.011256969769417813,3511.7071707589284,3558.471435546875,0.010808301919610831,-0.022009250302896244,0
2023-10-23,3116.375732421875,3410.14990234375,3478.949951171875,3401.300048828125,3473.0,1106272,-0.02415193524347381,3492.7928641183034,3550.1309523809523,0.01212105141986333,-0.2531300402170926,0
2023-10-25,3098.05322265625,3390.10009765625,3425.0,3377.199951171875,3390.5,1518537,-0.005879449661060354,3466.971435546875,3539.9619140625,0.010614725850150447,0.3726615154320094,0
2023-10-26,3049.298583984375,3336.75,3373.699951171875,3330.0,3368.050048828125,1984471,-0.015737027261564784,3440.214285714286,3528.5142996651784,0.01089559053438954,0.3068308510098865,1
2023-10-27,3062.275390625,3350.949951171875,3362.0,3337.0,3350.0,1108851,0.004255623337641401,3417.9142717633927,3517.3357282366073,0.01180072276253956,-0.4412359767414087,1
2023-10-30,3087.497802734375,3378.550048828125,3382.85009765625,3333.75,3350.0,910972,0.008236499517576545,3402.3857073102677,3507.3000139508927,0.013053204399457726,-0.1784540934715304,0
2023-10-31,3078.5419921875,3368.75,3399.0,3350.050048828125,3399.0,999811,-0.002900667057314732,3389.971435546875,3499.3000139508927,0.012896422752270617,0.09752110932059388,0
2023-11-01,3043.72412109375,3330.64990234375,3371.60009765625,3311.0,3355.0,1563475,-0.011309862012987004,3366.55712890625,3489.8738141741073,0.011296551640381949,0.5637705526344479,1
2023-11-02,3070.6376953125,3360.10009765625,3375.949951171875,3343.199951171875,3343.199951171875,1245384,0.008842176805126334,3359.407156808036,3482.5523856026784,0.00959754867282261,-0.20345128639728804,0
2023-11-03,3062.2294921875,3350.89990234375,3387.89990234375,3344.300048828125,3382.0,1402598,-0.0027380717970031387,3353.80712890625,3473.654761904762,0.009462247219904367,0.12623736935756358,1
2023-11-06,3089.051513671875,3380.25,3392.300048828125,3359.0,3375.0,1099852,0.008758870306964761,3360.021414620536,3463.6976143973216,0.0077458938096892135,-0.21584659325052513,0
2023-11-07,3080.095947265625,3370.449951171875,3404.14990234375,3366.0,3378.0,1191144,-0.0028992082917314033,3362.80712890625,3451.7476167224704,0.007851176543932296,0.08300389506951844,1
2023-11-08,3090.239501953125,3381.550048828125,3401.949951171875,3369.550048828125,3371.449951171875,992899,0.003293357805948416,3363.2357003348216,3439.51904296875,0.007278059711405222,-0.1664324380595461,0
2023-11-09,3059.07666015625,3347.449951171875,3391.5,3342.050048828125,3390.10009765625,2112352,-0.010084161749451925,3360.1928362165177,3426.1166643415177,0.008224694825263452,1.127459086976621,0
2023-11-10,3046.282958984375,3333.449951171875,3347.449951171875,3322.35009765625,3338.0,1338557,-0.00418228807128207,3360.592843191964,3412.9523809523807,0.007079220739227239,-0.3663191551408098,0
2023-11-13,3044.547119140625,3331.550048828125,3356.0,3327.0,3356.0,1030990,-0.0005699507631972134,3356.5142647879466,3402.904761904762,0.005955971852706089,-0.22977504880255384,1
2023-11-15,3111.02978515625,3404.300048828125,3413.0,3356.050048828125,3383.10009765625,2059802,0.021836682305159894,3364.1428571428573,3394.973807198661,0.0104486141036369,0.9978874673857165,1
2023-11-16,3196.52099609375,3497.85009765625,3529.35009765625,3414.199951171875,3430.050048828125,3951984,0.02747996577455858,3380.94287109375,3393.7261904761904,0.01412445455682453,0.9186232463120241,1
2023-11-17,3200.723876953125,3502.449951171875,3524.5,3492.550048828125,3497.85009765625,2021292,0.0013150516423523495,3399.8000139508927,3393.5071382068454,0.013819049329862188,-0.48853740298543724,1
2023-11-20,3216.397216796875,3519.60009765625,3533.89990234375,3491.25,3491.25,1475621,0.004896614290986978,3419.5214494977677,3395.0476190476193,0.013788006251392874,-0.2699614899776974,0
2023-11-21,3207.806640625,3510.199951171875,3539.050048828125,3501.0,3519.60009765625,1807236,-0.002670799586190098,3442.7714494977677,3397.645240420387,0.012596671076407199,0.22472911404757734,1
2023-11-22,3226.037841796875,3530.14990234375,3532.64990234375,3481.10009765625,3500.0,1798051,0.0056834230099098715,3470.8714425223216,3399.3404715401784,0.01167164627246612,-0.0050823467438674275,0
2023-11-23,3206.0244140625,3508.25,3544.0,3500.0,3530.0,2729804,-0.006203674900380318,3496.1142926897323,3404.0119047619046,0.012545269585334957,0.5182016527896038,0
2023-11-24,3159.280517578125,3457.10009765625,3504.550048828125,3453.0,3494.25,1989733,-0.014579890926744055,3503.657156808036,3407.2023809523807,0.013134802476386683,-0.27110774253389625,1
2023-11-28,3171.206787109375,3470.14990234375,3481.25,3433.0,3457.10009765625,1689195,0.0037747835812873554,3499.6999860491073,3413.554757254464,0.007323382056212037,-0.1510443863573655,1
2023-11-29,3211.05078125,3513.75,3518.0,3475.800048828125,3481.0,1441634,0.012564326868646836,3501.314278738839,3421.3071405319943,0.008989497965089372,-0.14655560784870902,0
2023-11-30,3187.1533203125,3487.60009765625,3516.64990234375,3481.0,3499.449951171875,3266235,-0.0074421635983635825,3496.742850167411,3426.5,0.009190037030426586,1.265647869015298,1
2023-12-01,3209.131591796875,3511.64990234375,3516.949951171875,3490.050048828125,3500.0,1172141,0.006895803421860691,3496.9499860491073,3433.304757254464,0.009646595030735835,-0.6411339049394793,1
2023-12-04,3209.862548828125,3512.449951171875,3547.800048828125,3498.0,3544.64990234375,1625213,0.00022782704722112967,3494.4214215959823,3441.9619024367557,0.009335586446760562,0.38653370200342785,1
2023-12-05,3227.363037109375,3531.60009765625,3538.0,3502.800048828125,3538.0,1377656,0.005452076684533402,3497.757149832589,3450.1285691034227,0.009225077239056797,-0.1523228032264079,1
2023-12-06,3293.617919921875,3604.10009765625,3612.85009765625,3525.14990234375,3532.60009765625,1896572,0.02052893815698864,3518.757149832589,3462.185721261161,0.008890485977420096,0.37666587304813404,1
2023-12-07,3303.486572265625,3614.89990234375,3630.550048828125,3591.699951171875,3605.0,1967653,0.0029965329471628444,3539.435721261161,3473.3595261346727,0.008927742350675732,0.03747867204619704,1
2023-12-08,3314.2705078125,3626.699951171875,3645.0,3602.050048828125,3633.0,1641155,0.003264280933608754,3555.5714285714284,3485.5619070870534,0.008447896517337128,-0.16593271272932775,1
2023-12-11,3329.07470703125,3642.89990234375,3653.0,3615.0,3622.89990234375,1102503,0.004466857305534866,3577.7571149553573,3498.0071382068454,0.006631824556845382,-0.32821518991198273,1
2023-12-12,3355.760009765625,3672.10009765625,3698.39990234375,3631.0,3638.949951171875,2236866,0.008015645802870841,3600.6785714285716,3513.4666689918154,0.006663101600365131,1.028897880549985,0
2023-12-13,3283.97607421875,3593.550048828125,3650.0,3563.0,3643.550048828125,3850968,-0.021391042384236836,3612.2642996651784,3525.8523879278273,0.01248198557024513,0.7215908328885146,1
2023-12-14,3351.3271484375,3667.25,3678.0,3627.60009765625,3630.0,3290396,0.020508953589197576,3631.6428571428573,3541.8380998883927,0.014100388598628466,-0.14556651730162395,1
2023-12-15,3528.385986328125,3861.0,3895.949951171875,3666.699951171875,3666.699951171875,8531230,0.052832503919830964,3668.342843191964,3563.585716610863,0.022580825491533594,1.5927669496315944,0
2023-12-18,3526.7412109375,3859.199951171875,3929.0,3830.14990234375,3858.10009765625,2521612,-0.0004662131126974556,3703.242850167411,3580.7928524925596,0.022799227140230676,-0.7044257393130885,0
2023-12-19,3487.44580078125,3816.199951171875,3855.10009765625,3790.0,3845.0,2004435,-0.01114220577944991,3730.314278738839,3595.733328683036,0.02408112782942508,-0.2050977707910654,0
2023-12-20,3454.409423828125,3780.050048828125,3898.800048828125,3766.550048828125,3827.25,2586083,-0.009472748494912864,3749.907156808036,3608.1357073102677,0.024939299628606037,0.2901805246865077,1
2023-12-21,3461.21826171875,3787.5,3806.699951171875,3743.35009765625,3756.25,1517562,0.0019708604583648093,3766.3928571428573,3621.3404715401784,0.02494454907678031,-0.4131812474696288,1
2023-12-22,3494.5732421875,3824.0,3845.949951171875,3762.0,3800.0,2413058,0.009636963696369572,3799.314278738839,3635.3333333333335,0.022135986383477857,0.590088576282221,0
2023-12-26,3468.574462890625,3795.550048828125,3834.0,3790.14990234375,3819.85009765625,1285231,-0.0074398407876241635,3817.6428571428573,3649.0142880394346,0.022260447717046442,-0.46738495303469707,1
2023-12-27,3482.876220703125,3811.199951171875,3818.199951171875,3768.0,3799.0,1293976,0.004123223812733556,3810.528564453125,3665.8761858258927,0.007744219590589619,0.00680422429897809,0
2023-12-28,3472.5498046875,3799.89990234375,3838.0,3792.10009765625,3824.0,1682889,-0.0029649582737453217,3802.05712890625,3681.578566778274,0.007728606859275682,0.3005565791019309,0
2023-12-29,3466.609619140625,3793.39990234375,3822.60009765625,3765.39990234375,3792.0,1574996,-0.0017105713747856965,3798.799979073661,3694.8952287946427,0.0066540314534759065,-0.06411177445452432,1
2024-01-01,3482.784912109375,3811.10009765625,3832.0,3773.0,3790.0,825907,0.004666050447664105,3803.2357003348216,3710.2999906994046,0.005668604753171179,-0.4756132713987845,0
2024-01-02,3457.288330078125,3783.199951171875,3811.10009765625,3767.25,3811.10009765625,1344068,-0.007320759300321944,3802.621407645089,3723.2309454055057,0.006482799716726083,0.6273841970100751,0
2024-01-03,3373.716552734375,3691.75,3771.85009765625,3687.050048828125,3767.0,1803075,-0.02417264547266329,3783.7285505022323,3731.76904296875,0.009751511903707695,0.341505786909591,0
2024-01-04,3350.91552734375,3666.800048828125,3719.0,3651.0,3701.75,3598144,-0.006758299227161868,3765.335693359375,3738.2071358816966,0.009726160553540832,0.9955598075509893,1
2024-01-05,3415.890869140625,3737.89990234375,3747.75,3674.85009765625,3675.0,1963127,0.01939016378554581,3754.8642578125,3744.5785551525296,0.013179395534332727,-0.4544056602515074,0
2024-01-08,3361.425537109375,3678.300048828125,3739.75,3672.39990234375,3737.89990234375,1067805,-0.01594474305699156,3737.492850167411,3747.597609747024,0.014104204219638688,-0.4560693220560871,1
2024-01-09,3372.02587890625,3689.89990234375,3752.35009765625,3682.75,3709.949951171875,1370944,0.003153590887540636,3722.7071358816966,3750.607131231399,0.014384456452825442,0.28388984880198165,1
2024-01-10,3393.181640625,3713.050048828125,3729.25,3688.0,3690.0,1292227,0.0062739226258334835,3708.6999860491073,3753.9476143973216,0.0145550319473578,-0.05741810022874749,1
2024-01-11,3413.743408203125,3735.550048828125,3773.0,3707.0,3724.0,1777909,0.006059708246351603,3701.8928571428573,3756.969040643601,0.014864198470442907,0.37584882532248587,1
2024-01-12,3548.30810546875,3882.800048828125,3905.25,3821.60009765625,3848.0,6813450,0.03941855900075386,3729.185721261161,3770.742850167411,0.017960497900541227,2.832282754629174,1
2024-01-15,3567.499267578125,3903.800048828125,3965.0,3885.0,3960.0,2801505,0.005408468047778614,3763.0428641183034,3782.0071382068454,0.01692413667679555,-0.5888272461087996,0
2024-01-16,3528.66015625,3861.300048828125,3899.0,3855.550048828125,3899.0,1432672,-0.010886828082487976,3780.671456473214,3782.0214262462796,0.017709243395381102,-0.48860630268373606,1
2024-01-17,3549.95361328125,3884.60009765625,3909.949951171875,3812.550048828125,3819.0,3458696,0.0060342497432170905,3810.142892020089,3783.23095703125,0.015191053799835373,1.4141576020191642,1
2024-01-18,3566.40234375,3902.60009765625,3908.800048828125,3862.0,3898.0,2239110,0.004633681601063699,3840.528634207589,3787.3452497209823,0.015123755096804928,-0.3526143957144542,1
2024-01-19,3628.47119140625,3943.050048828125,3963.550048828125,3915.050048828125,3945.0,2941975,0.010364872177440754,3873.3857770647323,3795.107154482887,0.015118914630648631,0.31390373853897313,0
2024-01-23,3550.436767578125,3858.25,3933.89990234375,3842.75,3900.0,2618854,-0.021506206560408136,3890.9143415178573,3798.4762021019346,0.01901501267144481,-0.10983132079640379,0
2024-01-24,3535.299072265625,3841.800048828125,3883.64990234375,3805.60009765625,3880.0,2657709,-0.004263578350774289,3885.057198660714,3799.3238234747023,0.011393534157823572,0.014836642287046065,0
2024-01-25,3506.312255859375,3810.300048828125,3861.0,3778.699951171875,3839.89990234375,2205154,-0.008199281482545784,3871.7000558035716,3800.0262044270835,0.01118542890875719,-0.17028011719868508,0
2024-01-29,3497.754150390625,3801.0,3820.0,3780.85009765625,3800.800048828125,1646747,-0.0024407654801320566,3863.085763113839,3799.5404924665177,0.010688118981644656,-0.2532281192152567,0
2024-01-30,3497.340087890625,3800.550048828125,3847.800048828125,3787.0,3807.449951171875,1411621,-0.00011837705126938047,3851.07861328125,3799.5714518229165,0.010137210006083473,-0.14278210314031237,1
2024-01-31,3511.511474609375,3815.949951171875,3834.0,3796.449951171875,3811.199951171875,2459358,0.004052019351382663,3838.700020926339,3800.645263671875,0.010065615450812219,0.7422225937415212,1
2024-02-01,3546.6640625,3854.14990234375,3904.89990234375,3805.050048828125,3820.0,2363107,0.01001060067890669,3826.0,3802.6952543712796,0.00998686796372588,-0.03913663647179466,1
2024-02-02,3649.866455078125,3966.300048828125,3984.39990234375,3872.0,3875.050048828125,2826510,0.0290985429539663,3841.435721261161,3811.414306640625,0.012527421946654373,0.19609903402596673,1
2024-02-05,3656.30859375,3973.300048828125,4022.0,3962.10009765625,3983.0,1691523,0.0017648689997793454,3860.221435546875,3824.8214518229165,0.012061615808251686,-0.4015506755681034,1
2024-02-06,3806.027587890625,4136.0,4149.89990234375,3990.0,3997.0,4474396,0.04094831731116333,3906.75,3847.164306640625,0.01662114635669594,1.6451877982149816,0
2024-02-07,3757.6240234375,4083.39990234375,4155.0,4073.949951171875,4153.0,2124267,-0.012717625158667811,3947.092843191964,3863.6166875930057,0.018452199100345006,-0.5252393842654963,1
2024-02-08,3804.27978515625,4134.10009765625,4158.0,4086.050048828125,4090.0,2345173,0.01241617194617639,3994.742850167411,3885.3214518229165,0.017856054167710605,0.10399163570304482,0
2024-02-09,3803.91064453125,4133.7001953125,4184.75,4100.0,4136.5498046875,2100596,-9.673262240961211e-05,4040.1357421875,3906.4547991071427,0.018237315835576105,-0.10428953429022081,0
2024-02-12,3791.94873046875,4120.7001953125,4159.60009765625,4105.5498046875,4130.0,1013716,-0.0031448821602354515,4078.21435546875,3925.8667108444943,0.0190901465299587,-0.5174150574408406,1
2024-02-13,3818.450927734375,4149.5,4170.0,4081.5,4125.4501953125,1257415,0.00698905606388478,4104.385777064732,3945.57861328125,0.01707895378541107,0.24040165095549448,0
2024-02-14,3772.991943359375,4100.10009765625,4114.89990234375,4049.5,4107.0,1391283,-0.011905025266598424,4122.500069754465,3955.9262346540177,0.0184496921681597,0.10646286230083146,1
2024-02-15,3775.844482421875,4103.2001953125,4146.2998046875,4083.0,4128.0,1091582,0.0007561029200291447,4117.814383370535,3965.4214797247023,0.009205711295371217,-0.21541339899934087,1
2024-02-16,3798.94189453125,4128.2998046875,4147.9501953125,4100.10009765625,4113.25,1307556,0.006117081346329156,4124.228655133928,3978.1357538132443,0.007904909210459861,0.1978541236480631,0
2024-02-19,3776.396728515625,4103.7998046875,4128.2998046875,4055.0,4123.0498046875,772291,-0.005934646503187868,4119.900041852678,3988.5738351004466,0.006661351593298802,-0.4093629641866199,0
2024-02-20,3709.082763671875,4030.64990234375,4098.0,4010.0,4082.10009765625,1193648,-0.01782491978780143,4105.178571428572,3994.6714448474704,0.009151464161326459,0.5455935651198836,0
2024-02-21,3673.055908203125,3991.5,4063.35009765625,3980.60009765625,4013.0,1885939,-0.00971304958066066,4086.7214006696427,3996.978585379464,0.009433710763761743,0.5799791898449125,1
2024-02-22,3761.029296875,4087.10009765625,4094.949951171875,3971.0,3971.0,2982052,0.023950920119315988,4077.80712890625,4007.8762090773807,0.013966625605593128,0.5812027854559454,0
2024-02-23,3728.821533203125,4052.10009765625,4130.0,4046.39990234375,4130.0,2538072,-0.008563528948084875,4070.9499860491073,4017.8904971168154,0.01362781197310774,-0.14888405701845575,0
2024-02-26,3681.843994140625,4001.050048828125,4050.0,3982.75,4036.0,1379284,-0.012598417511367144,4056.357107979911,4026.973830450149,0.01416682732268964,-0.45656230398507214,1
2024-02-27,3776.9482421875,4104.39990234375,4124.0,3999.0,3999.0,2960475,0.025830682509431657,4052.9428362165177,4041.4214448474704,0.01787387083762197,1.1463853709605853,1
2024-02-28,3790.337890625,4118.9501953125,4154.89990234375,4089.0,4095.60009765625,1939225,0.003545047586723138,4055.107177734375,4056.5833565848216,0.017769380262218665,-0.34496153488882697,0
2024-02-29,3768.390625,4095.10009765625,4138.10009765625,4064.550048828125,4099.0,3772719,-0.00579033407186913,4064.3143484933034,4069.876220703125,0.016195197151064666,0.9454777037218476,0
2024-03-01,3767.70068359375,4094.35009765625,4140.0,4086.800048828125,4107.2001953125,2043265,-0.00018314570635991068,4079.0072195870534,4081.3143252418154,0.015389696690510109,-0.45841049916519094,0
2024-03-04,3755.139892578125,4080.699951171875,4117.89990234375,4075.89990234375,4105.0,1749271,-0.0033338982155406427,4078.0929129464284,4086.761939639137,0.012625049251740574,-0.14388442027832904,0
2024-03-05,3692.0126953125,4012.10009765625,4064.0,3980.0,4062.0,2070859,-0.01681080558150938,4072.3786272321427,4088.6095610119046,0.013864382813107064,0.18384115440089044,1
2024-03-06,3740.0478515625,4064.300048828125,4072.0,3958.449951171875,3994.050048828125,1744204,0.013010630318612604,4081.4143415178573,4085.1952776227677,0.013775218941108728,-0.15773888999685637,1
2024-03-07,3780.81396484375,4108.60009765625,4124.0,4037.699951171875,4065.0,2688905,0.010899797823956892,4082.0143694196427,4086.395286923363,0.010228013413271286,0.5416229982272716,1
2024-03-11,3793.466552734375,4122.35009765625,4153.0,4089.0,4089.0,2304068,0.003346638678182412,4082.500069754464,4085.835763113839,0.01021743904132724,-0.14312034080787528,1
2024-03-12,3857.790283203125,4192.25,4229.9501953125,4121.0498046875,4122.35009765625,4039801,0.01695632362314181,4096.378627232143,4088.623849051339,0.011540131970572218,0.7533341029865439,0
2024-03-13,3817.9912109375,4149.0,4241.0,4131.89990234375,4205.0,2837260,-0.010316655733794478,4104.185756138393,4089.971458798363,0.012648672753419974,-0.29767332598808705,1
2024-03-14,3871.91552734375,4207.60009765625,4225.0,4086.0,4153.4501953125,2919608,0.01412390881085801,4122.314348493303,4092.7381301153273,0.013141345668663247,0.029023776460387785,1
2024-03-15,3882.63623046875,4219.25,4239.0,4177.0,4192.60009765625,3373143,0.0027687760417725027,4151.907191685268,4098.41193498884,0.009415182737620766,0.155341059484698,0
2024-03-18,3821.211669921875,4152.5,4254.75,4117.85009765625,4215.25,1526904,-0.015820347218107433,4164.507184709822,4100.7595447358635,0.012332263269168807,-0.5473349336212547,0
2024-03-19,3659.989013671875,3977.300048828125,4058.0,3966.60009765625,4051.25,8931209,-0.042191439174443124,4145.750034877232,4093.5690801711307,0.02042970760037924,4.849227587327036,0
2024-03-20,3654.099609375,3970.89990234375,4018.0,3960.199951171875,3986.0,1817913,-0.0016091686334454014,4124.114292689732,4087.2405133928573,0.020199159430573484,-0.7964538731542392,1
2024-03-21,3655.986083984375,3972.949951171875,4008.39990234375,3948.0,3990.050048828125,3829582,0.0005162680698436173,4092.785714285714,4084.492896670387,0.018040053601339985,1.1065815580833624,0
2024-03-22,3598.885986328125,3910.89990234375,3938.0,3855.0,3897.0,5852485,-0.015618130001819552,4058.771414620536,4080.6547967819943,0.018287396346016536,0.5282307572993605,0
2024-03-26,3568.15087890625,3877.5,3946.699951171875,3871.449951171875,3875.0,3440925,-0.00854020894877261,4011.6142578125,4070.6738397507443,0.015449737888376166,-0.4120574422659776,0
2024-03-27,3534.47119140625,3840.89990234375,3895.0,3829.39990234375,3888.5,1968575,-0.009439096752095422,3957.5642438616073,4060.6166875930057,0.014210005309281131,-0.4278936623146392,1
2024-03-28,3567.046875,3876.300048828125,3915.0,3840.5,3850.10009765625,4311783,0.009216628234121282,3918.107107979911,4054.6762114025296,0.016430640573596028,1.190306693928349,1
2024-04-01,3604.269775390625,3916.75,3933.300048828125,3888.050048828125,3897.699951171875,1569676,0.010435196105137434,3909.457101004464,4045.740501767113,0.009749744365601032,-0.6359566332535751,0
2024-04-02,3573.9482421875,3883.800048828125,3909.85009765625,3873.0,3890.0,2142666,-0.00841257449974464,3897.0142647879466,4034.5428757440477,0.010022328653016284,0.36503711593985,1
2024-04-03,3632.382080078125,3947.300048828125,3981.0,3851.0,3851.0,3973090,0.01634996632207164,3893.3499930245534,4027.5047781808034,0.01246818020607434,0.8542740679135246,1
2024-04-04,3683.91455078125,4003.300048828125,4028.64990234375,3935.25,3975.89990234375,3394637,0.014186912397659013,3906.5500139508927,4023.1690615699404,0.01164999402781879,-0.1455927250578265,0
2024-04-05,3661.783447265625,3979.25,4002.0,3960.5,3978.0,1636819,-0.006007555900079287,3921.0857282366073,4018.338111514137,0.011249841845728654,-0.5178220823021725,0
2024-04-08,3655.61767578125,3972.550048828125,4032.64990234375,3960.0,3983.0,2302538,-0.001683722101369578,3939.892892020089,4016.4547758556546,0.010051188531465144,0.40671509800411654,0
2024-04-09,3631.69189453125,3946.550048828125,4015.85009765625,3925.050048828125,3984.0,1876992,-0.006544914395142709,3949.9286063058034,4010.847632998512,0.01066186966621403,-0.18481605949608648,1
2024-04-10,3666.752197265625,3984.64990234375,3990.199951171875,3918.0,3956.39990234375,2101965,0.009653964359818135,3959.628592354911,4004.945242745536,0.010570093332148619,0.11985826258183296,1
2024-04-12,3682.166259765625,4001.39990234375,4013.35009765625,3945.5,3971.0,4354821,0.004203631538657326,3976.4285714285716,3999.1857096354165,0.009410005917166219,1.0717856862507227,0
2024-04-15,3626.768798828125,3941.199951171875,4064.199951171875,3919.050048828125,4001.39990234375,4200329,-0.01504472250739397,3975.55712890625,3987.2309454055057,0.010165504342495316,-0.03547608501015309,0
2024-04-16,3563.826171875,3872.800048828125,3928.699951171875,3862.85009765625,3902.0,3051420,-0.017355095704650103,3956.9142717633927,3974.078566778274,0.009718409596673335,-0.27352833551847966,0
2024-04-18,3553.887939453125,3862.0,3936.0,3850.0,3876.800048828125,3476284,-0.0027886925975930676,3940.1642717633927,3957.6214192708335,0.00972142248408771,0.1392348480379626,0
2024-04-19,3520.943603515625,3826.199951171875,3852.550048828125,3800.89990234375,3838.0,2957749,-0.009269821032657943,3919.2571149553573,3938.9047502790177,0.009813601698119267,-0.14916358962616405,1
2024-04-22,3556.280029296875,3864.60009765625,3878.0,3812.0,3837.0,1728883,0.010036105528832495,3907.549979073661,3925.1952311197915,0.011346273325019522,-0.41547338871554007,1
2024-04-23,3565.57421875,3874.699951171875,3895.0,3860.60009765625,3877.050048828125,1807586,0.0026134278477480954,3891.842843191964,3920.3095121837796,0.010308651238726893,0.04552245582841641,0
2024-04-24,3525.406982421875,3831.050048828125,3898.0,3824.449951171875,3890.0,1317312,-0.01126536322652505,3867.507149832589,3913.6499953497023,0.009921831705364698,-0.2712313549673432,1
2024-04-25,3544.869384765625,3852.199951171875,3873.64990234375,3811.0,3811.199951171875,2856271,0.005520654148128301,3854.7928641183034,3907.8999953497023,0.009895009437558635,1.1682570264295777,0
2024-04-26,3516.481201171875,3821.35009765625,3876.800048828125,3802.550048828125,3855.14990234375,2039178,-0.00800837285360545,3847.44287109375,3903.635718936012,0.008144848268160447,-0.28606984421296155,1
2024-04-29,3561.433349609375,3870.199951171875,3877.800048828125,3819.199951171875,3838.0,1110693,0.012783401747352707,3848.6142926897323,3903.2880975632443,0.009811461642798171,-0.45532317433789493,0
2024-04-30,3515.836181640625,3820.64990234375,3881.75,3810.0,3872.0,2203078,-0.012802968697553041,3847.8214285714284,3902.3238118489585,0.010458048378073249,0.9835165972955624,1
2024-05-02,3555.083984375,3863.300048828125,3871.10009765625,3778.050048828125,3778.050048828125,2491044,0.011163060624374888,3847.6357073102677,3901.704764229911,0.010648124716185862,0.13071076012742178,0
2024-05-03,3536.771728515625,3843.39990234375,3893.60009765625,3797.60009765625,3890.14990234375,2962234,-0.005151074530286959,3843.1642717633927,3898.2119024367557,0.010734639737717766,0.1891536239424112,1
2024-05-06,3608.226806640625,3921.050048828125,3939.949951171875,3853.0,3853.0,2053831,0.020203504308001552,3856.021414620536,3899.9857119605654,0.012254081682520398,-0.3066614588854223,1
2024-05-07,3661.50732421875,3978.949951171875,3988.0,3913.5,3930.800048828125,2062112,0.014766427773869939,3874.1285574776784,3901.492850167411,0.012998102793455743,0.004031977314589152,0
2024-05-08,3659.666748046875,3976.949951171875,3984.300048828125,3938.60009765625,3961.0,1247685,-0.0005026451763764372,3896.357107979911,3900.238083612351,0.012049239843099835,-0.39494799506525347,0
2024-05-09,3644.253173828125,3960.199951171875,3971.0,3910.050048828125,3962.0,1726486,-0.0042117703782177385,3909.2142508370534,3899.3309384300596,0.012114930380465289,0.3837515077924316,0
2024-05-10,3583.242431640625,3893.89990234375,3973.60009765625,3885.050048828125,3962.60009765625,1672489,-0.016741591244276988,3919.678536551339,3895.585693359375,0.013045964371244874,-0.031275666295585314,1
2024-05-13,3632.842529296875,3947.800048828125,3955.0,3870.0,3884.5,931326,0.013842201349842709,3931.7499651227677,3895.645217168899,0.013367895989623716,-0.44314970083510263,0
2024-05-14,3589.960205078125,3901.199951171875,3945.800048828125,3892.89990234375,3936.0,1058317,-0.011804067348872627,3940.0071149553573,3891.671409970238,0.01426470992225958,0.13635504646063779,0
2024-05-15,3570.8193359375,3880.39990234375,3926.949951171875,3875.5,3904.5,1115021,-0.005331705395381414,3934.199951171875,3885.9095052083335,0.011982292086712485,0.053579409571990144,1
2024-05-16,3615.82080078125,3900.949951171875,3909.5,3843.5,3891.10009765625,2599399,0.005295858505643514,3923.0570940290177,3883.9928385416665,0.010260152663792549,1.3312556445125248,0
2024-05-17,3553.857421875,3834.10009765625,3920.0,3830.0,3919.0,2765804,-0.017136813943368523,3902.649972098214,3882.1499837239585,0.011496797140950709,0.06401672078815146,0
2024-05-21,3540.97314453125,3820.199951171875,3844.75,3810.050048828125,3830.60009765625,1908117,-0.0036253999974784623,3882.649972098214,3880.1595052083335,0.011506950264669713,-0.3101040420796267,1
2024-05-22,3551.910888671875,3832.0,3841.25,3817.550048828125,3835.0,1311168,0.0030888563370892186,3873.80712890625,3880.4356980096727,0.010556889436653708,-0.31284716817679414,1
2024-05-23,3608.869384765625,3893.449951171875,3905.0,3825.5,3840.949951171875,2095742,0.01603599978389214,3866.0428292410716,3881.809500558036,0.01113080801469937,0.5983779347879143,0
2024-05-24,3568.1318359375,3849.5,3883.800048828125,3844.300048828125,3878.25,1309452,-0.011288176738639355,3858.6571219308034,3880.6095028831846,0.01105595423113245,-0.3751845408451995,0
2024-05-27,3565.8603515625,3847.050048828125,3908.35009765625,3841.35009765625,3855.0,1841538,-0.0006364336074490273,3853.8928571428573,3881.371407645089,0.010951568493537532,0.4063425005269379,0
2024-05-28,3559.23291015625,3839.89990234375,3870.0,3830.0,3858.0,1801993,-0.0018586050073752247,3845.1714215959823,3880.785691034226,0.010573709943193147,-0.021473898447927797,0
2024-05-29,3525.632568359375,3803.64990234375,3848.89990234375,3800.0,3848.89990234375,1568095,-0.009440350249201646,3840.8213936941966,3879.942824590774,0.00905278346707131,-0.12979961631371484,0
2024-05-30,3463.020263671875,3736.10009765625,3794.39990234375,3715.449951171875,3777.0,2919230,-0.01775920666249453,3828.80712890625,3873.5571172805057,0.011062200718714126,0.8616410357790822,0
2024-05-31,3402.632080078125,3670.949951171875,3749.800048828125,3653.75,3740.0,10956800,-0.017438008827773466,3805.799979073661,3866.4285481770835,0.011834912637255777,2.753318512073389,1
2024-06-03,3432.200439453125,3702.85009765625,3751.550048828125,3696.0,3732.800048828125,2156773,0.008689888696028492,3778.5714285714284,3858.7880743117557,0.009678856144178355,-0.8031566698306075,1
2024-06-04,3443.46240234375,3715.0,3745.0,3591.5,3700.0,3395997,0.003281229869780633,3759.3571428571427,3852.6737932477677,0.010182626527893028,0.574573216560111,1
2024-06-05,3472.613525390625,3746.449951171875,3783.800048828125,3700.0,3716.0,2799670,0.008465666533479244,3744.9857003348216,3844.3595028831846,0.011350354330148353,-0.17559703380185554,1
2024-06-06,3550.427490234375,3830.39990234375,3839.89990234375,3741.5,3781.0,4328036,0.02240786671809558,3743.6285574776784,3837.285691034226,0.01510074612758467,0.5459093393149907,1
2024-06-07,3609.33251953125,3893.949951171875,3915.0,3837.300048828125,3837.300048828125,4552445,0.016590969728575766,3756.528564453125,3833.3333100818454,0.015657085015576725,0.05185007703263089,0
2024-06-10,3576.658935546875,3858.699951171875,3905.89990234375,3841.89990234375,3895.0,1734661,-0.009052504639766035,3774.0428292410716,3828.499976748512,0.013942133969677476,-0.6189605805232133,0
2024-06-11,3570.54150390625,3852.10009765625,3879.949951171875,3841.0,3845.0,1419898,-0.001710382667514887,3799.9214215959823,3826.5095098586307,0.010659585526837866,-0.18145505087161118,0
2024-06-12,3551.5859375,3831.64990234375,3893.5,3827.449951171875,3874.39990234375,2177001,-0.005308843174906763,3818.3213936941966,3820.9785505022323,0.011555003288188835,0.5332094277194559,1
2024-06-13,3594.687744140625,3878.14990234375,3890.0,3852.0,3856.800048828125,1932323,0.012135764275216454,3841.6285226004466,3819.880929129464,0.011822985385381339,-0.11239223133108345,0
2024-06-14,3551.957275390625,3832.050048828125,3889.0,3828.0,3889.0,1860730,-0.011887073650186819,3853.857107979911,3817.5785551525296,0.01355407717659446,-0.037050224004992915,0
2024-06-18,3536.24609375,3815.10009765625,3842.0,3795.050048828125,3826.050048828125,1774045,-0.004423207149149455,3851.6714215959823,3813.4904668898807,0.010759125396568044,-0.04658655473926898,0
2024-06-19,3523.8251953125,3801.699951171875,3833.85009765625,3792.949951171875,3827.64990234375,1509050,-0.0035123970908672586,3838.492850167411,3811.9476027715773,0.007669191940311086,-0.1493733248029221,0
2024-06-20,3510.431640625,3787.25,3809.949951171875,3780.050048828125,3796.0,2846526,-0.0038009183674321267,3828.285714285714,3810.3785574776784,0.007269881069329912,0.8863033034028032,1
2024-06-21,3532.2138671875,3810.75,3877.800048828125,3798.050048828125,3827.0,4642195,0.006205030034985848,3822.3785574776784,3809.366652715774,0.00801652510073063,0.6308282446743856,1
2024-06-24,3537.821533203125,3816.800048828125,3857.0,3791.300048828125,3808.75,1702154,0.0015876268000065696,3820.257149832589,3805.7166573660716,0.00789514945278625,-0.6333299225904987,1
2024-06-25,3557.889404296875,3838.449951171875,3847.64990234375,3792.89990234375,3817.0,1338808,0.0056722652658729444,3814.5857282366073,3805.1904645647323,0.006404504654841615,-0.21346247166825094,1
2024-06-26,3574.017578125,3855.85009765625,3866.949951171875,3841.0,3844.5,1639845,0.004533117978798407,3817.9857352120534,3805.6095145089284,0.004734526387499564,0.2248544974335378,1
2024-06-27,3646.59423828125,3934.14990234375,3942.0,3818.10009765625,3831.0,4526556,0.020306755372853758,3834.992850167411,3810.097609747024,0.008120803267253592,1.7603560092569723,0
2024-06-28,3618.787353515625,3904.14990234375,3960.0,3897.85009765625,3917.800048828125,2731571,-0.007625535565416008,3849.6285574776784,3814.883324032738,0.008902250015694026,-0.39654540891574075,1
2024-07-01,3687.4248046875,3978.199951171875,4001.699951171875,3884.0,3884.0,2658723,0.01896700963855702,3876.9071219308034,3826.411888485863,0.009763024034770282,-0.026668902254416982,1
2024-07-02,3723.759033203125,4017.39990234375,4023.39990234375,3982.550048828125,3993.60009765625,2307449,0.009853690526623105,3906.428536551339,3842.9095052083335,0.009805065571074141,-0.13212132290577094,0
2024-07-03,3675.4208984375,3965.25,4026.10009765625,3955.0,4020.0,1821198,-0.012981008515812853,3927.635672433036,3855.404738653274,0.012478912577292786,-0.21073098473682406,1
2024-07-04,3727.049560546875,4020.949951171875,4047.35009765625,3982.10009765625,3999.85009765625,2518001,0.01404702129042934,3953.707101004464,3869.9737839471727,0.012889275074477326,0.38260694334169054,0
2024-07-05,3718.56884765625,4011.800048828125,4026.75,3988.0,4010.0,1668616,-0.0022755573819274177,3975.985665457589,3882.6095028831846,0.013331880684098367,-0.337325124175884,0
2024-07-08,3701.328369140625,3993.199951171875,4031.25,3978.050048828125,4022.0,1758882,-0.004636347133422869,3984.42138671875,3890.361886160714,0.012068095413517515,0.054096328933679105,0
2024-07-09,3694.19091796875,3985.5,4006.949951171875,3975.10009765625,3985.0,1305801,-0.001928265868483603,3996.0428292410716,3894.721412295387,0.011473016033649584,-0.25759601837985724,0
2024-07-10,3623.421142578125,3909.14990234375,4003.300048828125,3902.0,3983.699951171875,2669716,-0.019156968424601684,3986.178536551339,3897.1237909226193,0.011680749438156779,1.0445044842207962,1
2024-07-11,3636.90771484375,3923.699951171875,3980.0,3895.60009765625,3931.0,4872189,0.0037220493436185276,3972.7928292410716,3900.5333077566966,0.0108020751041044,0.8249840057893798,1
2024-07-12,3878.135986328125,4183.9501953125,4199.9501953125,3971.300048828125,3980.0,13509164,0.06632776394201523,4004.035714285714,3917.3095121837796,0.02756304803066433,1.7727093509714011,0
2024-07-15,3864.46435546875,4169.2001953125,4240.0,4157.0498046875,4235.7001953125,4848030,-0.003525376572724337,4025.2143205915177,3931.1690499441966,0.027721788488664356,-0.6411302727541097,1
2024-07-16,3873.0380859375,4178.4501953125,4194.5498046875,4144.89990234375,4172.0,2029521,0.0022186509562194257,4049.021484375,3947.6642950148807,0.027563178437190125,-0.58137202121274,1
2024-07-18,4000.11669921875,4315.5498046875,4325.0,4160.0,4160.0,5613364,0.03281111487910082,4095.071463448661,3971.4952334449404,0.028730985345569636,1.765856574038899,0
2024-07-19,3997.18994140625,4302.39990234375,4358.75,4285.25,4317.39990234375,3903354,-0.003047097806510468,4140.342878069197,3995.338088262649,0.028821080530589575,-0.3046319461912679,0
2024-07-22,3983.20849609375,4287.35009765625,4319.9501953125,4265.0,4299.9501953125,1896386,-0.0034980022845625403,4194.371477399553,4019.1523786272323,0.026580487532296804,-0.5141649975892527,1
2024-07-23,3997.144287109375,4302.35009765625,4361.7001953125,4266.2998046875,4283.0,2365208,0.003498664596623513,4248.46435546875,4042.5619070870534,0.026594415641652144,0.24721865696118828,1
2024-07-24,4000.76708984375,4306.25,4339.10009765625,4268.10009765625,4287.5,1809793,0.0009064586226663618,4265.935756138393,4065.8690476190477,0.012944251316484556,-0.23482712725476995,1
2024-07-25,4015.8642578125,4322.5,4343.0,4274.2001953125,4295.0,2810342,0.0037735849056603765,4287.835728236607,4088.9190499441966,0.012505237324789805,0.5528527295663095,1
2024-07-26,4076.578857421875,4387.85009765625,4422.4501953125,4337.0498046875,4350.0,3552210,0.015118588237420516,4317.75,4114.25238327753,0.012929503546192841,0.26397783614947934,0
2024-07-29,4070.30810546875,4381.10009765625,4431.0,4371.0,4415.0,1746803,-0.0015383387877369037,4327.114327566965,4135.535725911458,0.006412167639057532,-0.5082489492456809,0
2024-07-30,4055.674560546875,4365.35009765625,4398.0,4327.2998046875,4391.10009765625,1797906,-0.003594987480068257,4336.107212611607,4157.497639973958,0.006489391156083904,0.029255159282414844,1
2024-07-31,4074.25634765625,4385.35009765625,4414.0,4345.0,4350.0,2330091,0.00458153402420991,4350.107212611607,4176.8857421875,0.0060311216492769685,0.29600268312136446,1
2024-08-01,4085.17236328125,4397.10009765625,4419.2998046875,4365.0498046875,4399.39990234375,2202244,0.002679375588799493,4363.642926897322,4194.966703869048,0.006033426406005368,-0.05486781417549791,0
2024-08-02,3979.213134765625,4283.0498046875,4398.0,4270.0,4365.0,2811282,-0.0259376158003638,4360.32861328125,4210.100027901785,0.012619934276815252,0.27655337010794434,0
2024-08-05,3860.293212890625,4155.0498046875,4239.0,4110.5,4239.0,2787771,-0.029885246690317002,4336.407156808035,4216.485735212053,0.016458660749523173,-0.008363088441501021,1
2024-08-06,3875.2978515625,4171.2001953125,4258.25,4160.7998046875,4170.9501953125,2203067,0.003886930694977364,4305.457170758928,4224.076218377976,0.01454903099346117,-0.20973889175258653,1
2024-08-07,3902.47314453125,4200.4501953125,4244.9501953125,4180.2998046875,4228.0,1237666,0.007012370212504004,4279.650041852678,4233.945277622768,0.015427748215783356,-0.4382077349440575,0
2024-08-08,3876.552001953125,4172.5498046875,4232.0,4160.0,4181.0,2441283,-0.0066422381715501855,4252.107142857143,4242.852411179316,0.01539502447728422,0.9724893468835696,1
2024-08-09,3928.765380859375,4228.75,4253.64990234375,4205.5498046875,4217.0,1302536,0.013469029237078045,4229.735700334822,4258.07146344866,0.01675153595836416,-0.46645431930669246,0
2024-08-12,3898.013427734375,4195.64990234375,4239.0,4186.35009765625,4230.0,936912,-0.00782739524830034,4200.957101004465,4271.0214611235115,0.01640976226180876,-0.28070164663395103,1
2024-08-13,3899.220947265625,4196.9501953125,4234.0,4183.0,4213.0,1495593,0.0003099145541252124,4188.657156808035,4271.640508742559,0.014077155125618517,0.5963003996106357,1
2024-08-14,3990.54736328125,4295.25,4306.2001953125,4188.14990234375,4209.0,3226545,0.023421722944744428,4208.685756138393,4277.642880394345,0.011091930789598515,1.157368348207032,1
2024-08-16,4102.77783203125,4416.0498046875,4427.0,4325.10009765625,4350.0,3457058,0.02812404509341704,4243.664271763393,4288.957147507441,0.014125822814823323,0.07144267319997089,1
2024-08-19,4171.48193359375,4490.0,4494.25,4390.35009765625,4421.0,2055210,0.01674577927857701,4285.028529575893,4297.264299665178,0.014456941578377862,-0.4055031764002802,1
2024-08-20,4202.419921875,4523.2998046875,4565.0,4500.0,4505.0,2212298,0.007416437569599088,4335.135672433035,4307.783342633928,0.012682870713029721,0.07643403837077467,1
2024-08-21,4228.61962890625,4551.5,4560.0,4492.5498046875,4518.0,1896990,0.006234429847713496,4381.242815290178,4320.361909412202,0.012805598628262712,-0.14252510285684838,0
2024-08-22,4182.63037109375,4502.0,4560.9501953125,4497.2001953125,4560.0,1829872,-0.010875535537734793,4425.007114955357,4329.869047619048,0.013567107615694966,-0.03538131460893312,0
2024-08-23,4147.2333984375,4463.89990234375,4506.0,4455.0,4500.0,1809253,-0.008462927067136805,4463.142787388393,4337.376185825893,0.014965720081028849,-0.011268001259104432,1
2024-08-26,4183.04931640625,4502.4501953125,4552.14990234375,4485.0,4489.0,1844164,0.00863601196534658,4492.742815290178,4345.945242745535,0.013559000236292222,0.019295808822757277,0
2024-08-27,4178.12451171875,4497.14990234375,4510.0,4486.7998046875,4505.0,930697,-0.0011772019098108544,4504.328543526785,4351.149995349702,0.009926185702235328,-0.4953285065753371,1
2024-08-28,4186.39404296875,4506.0498046875,4562.5,4457.2998046875,4498.75,1848058,0.0019790094920144607,4506.621372767857,4357.099981398809,0.0077636319478843595,0.9856709541343747,1
2024-08-29,4191.73583984375,4511.7998046875,4556.0,4460.0,4460.0,2133641,0.0012760622383751752,4504.978515625,4364.073776971726,0.007181709712054179,0.15453140539961407,1
2024-08-30,4230.70947265625,4553.75,4592.25,4487.7998046875,4500.0,3637222,0.009297884908128218,4505.299944196428,4372.092819940476,0.007722215024640486,0.7047019625138438,0
2024-09-02,4200.3291015625,4521.0498046875,4588.0,4512.0,4576.0,1216500,-0.0071809377573428534,4508.021344866072,4377.995186941965,0.006933294986950867,-0.6655414489409774,0
2024-09-03,4192.2470703125,4512.35009765625,4555.89990234375,4495.89990234375,4521.0498046875,1717263,-0.0019242670191843558,4514.942801339285,4388.914248511905,0.005862839980595245,0.41164241676942037,0
2024-09-04,4161.49462890625,4479.25,4487.0,4436.7001953125,4476.9501953125,1265505,-0.007335445375446947,4511.628487723215,4404.352353050595,0.005756068870465737,-0.2630686155818882,0
2024-09-05,4158.42919921875,4475.9501953125,4499.0,4454.14990234375,4481.0,1688793,-0.0007366868755930289,4508.599958147322,4418.8642578125,0.005752689651525637,0.33448149157846085,0
2024-09-06,4140.5908203125,4456.75,4518.9501953125,4440.0,4473.9501953125,1649179,-0.004289635602426456,4501.55712890625,4431.069010416667,0.005761205976074662,-0.023456989696191255,0
2024-09-09,4133.90087890625,4449.5498046875,4490.25,4430.5,4455.0,1184938,-0.0016155708335671148,4492.664271763393,4444.259486607143,0.005626375161463537,-0.28149824852244665,1
2024-09-10,4188.06591796875,4507.85009765625,4539.9501953125,4440.4501953125,4442.4501953125,1385591,0.013102514979679958,4486.107142857143,4457.549967447917,0.006929145795912988,0.1693362859491383,0
2024-09-11,4161.58740234375,4479.35009765625,4549.35009765625,4471.25,4521.4501953125,1325919,-0.006322304287540104,4480.150041852678,4471.059500558035,0.006816976976121763,-0.04306609959215957,1
2024-09-12,4197.21728515625,4517.7001953125,4532.60009765625,4431.2998046875,4510.25,2742216,0.008561531655298937,4480.914341517857,4486.333310081845,0.007746438119463114,1.068162534815475,1
2024-09-13,4201.76953125,4522.60009765625,4547.0,4505.0,4530.0,1458786,0.0010846010429894637,4487.107212611607,4497.159505208333,0.007000010351338244,-0.46802658871511216,0
2024-09-16,4193.08349609375,4513.25,4546.0498046875,4494.4501953125,4527.0,1155120,-0.002067416409665679,4492.435756138393,4501.7880859375,0.007085190255696788,-0.20816350033521025,0
2024-09-17,4186.0224609375,4505.64990234375,4535.7998046875,4466.0,4513.25,1699364,-0.0016839522863235645,4499.421456473215,4502.533319382441,0.006811395754968846,0.4711579749290118,0
2024-09-18,4037.8369140625,4346.14990234375,4497.0498046875,4321.0,4497.0498046875,2961779,-0.03539999854783016,4484.650041852678,4494.097609747024,0.015666408719197146,0.7428749814636535,0
2024-09-19,3991.38330078125,4296.14990234375,4422.2001953125,4281.7998046875,4390.0498046875,2927551,-0.011504435218177012,4454.407156808035,4481.938081287202,0.014065468580564823,-0.011556567860059763,0
2024-09-20,3980.931640625,4284.89990234375,4330.7001953125,4227.5,4316.89990234375,5447908,-0.0026186237109330213,4426.628557477678,4471.599981398809,0.01415413321339058,0.8609096818467039,0
2024-09-23,3965.6953125,4268.5,4309.39990234375,4253.0,4300.0,1702319,-0.003827371167942517,4391.028529575893,4462.295224144345,0.012695333587566133,-0.6875279465071731,1
2024-09-24,3968.29638671875,4271.2998046875,4291.0,4240.0,4251.64990234375,3012026,0.0006559223819841975,4355.128487723215,4451.2880626860115,0.012645128358218776,0.7693663761022465,1
2024-09-25,3971.501708984375,4274.75,4289.60009765625,4240.0,4252.35009765625,2713073,0.0008077623838798065,4321.057059151785,4440.697591145833,0.012916153220515307,-0.09925312729704194,1
2024-09-26,3987.992919921875,4292.5,4316.7998046875,4260.0,4260.0,3964251,0.004152289607579407,4290.607073102678,4430.528552827381,0.01353902353471539,0.46116636006476797,1
2024-09-27,4003.043212890625,4308.7001953125,4378.0,4300.0498046875,4335.0,3012477,0.003774069962143356,4285.257114955357,4420.857142857143,0.005415367278461861,-0.24008923753818823,0
2024-09-30,3965.6953125,4268.5,4298.75,4260.0498046875,4286.89990234375,2503416,-0.009330005219725934,4281.30712890625,4407.273809523809,0.004748631540471584,-0.16898419473410087,1
2024-10-01,3983.718505859375,4287.89990234375,4295.75,4242.9501953125,4255.5498046875,1823365,0.004544899225430443,4281.735700334822,4396.171433221726,0.005079949651531282,-0.27164921850783086,0
2024-10-03,3932.481201171875,4232.75,4279.0,4210.0,4262.60009765625,3350119,-0.01286175134676193,4276.628557477678,4382.857142857143,0.007023274417200627,0.8373276880931684,1
2024-10-04,3950.597900390625,4252.25,4298.0,4224.0498046875,4225.0,2965463,0.004606934026342158,4273.907156808035,4372.047619047619,0.00734668437194293,-0.11481860793601661,1
2024-10-07,3969.73681640625,4272.85009765625,4297.25,4229.39990234375,4273.89990234375,1472619,0.00484451705714628,4273.6357421875,4362.376185825893,0.007629959730184921,-0.5034100914427191,0
2024-10-08,3951.526611328125,4253.25,4279.39990234375,4203.9501953125,4272.60009765625,1541867,-0.004587125035582451,4268.028599330357,4352.685709635417,0.007544479928830639,0.04702370402663547,0
2024-10-09,3951.248291015625,4252.9501953125,4295.0,4246.7001953125,4260.0,1082504,-7.048837653556017e-05,4260.064313616072,4343.323823474702,0.007248788508469168,-0.2979264748515923,0
2024-10-10,3927.5107421875,4227.39990234375,4293.85009765625,4198.60009765625,4253.25,2378875,-0.006007663338477576,4254.19287109375,4329.969052269345,0.0067692489358698585,1.197566937396998,0
2024-10-11,3854.858154296875,4149.2001953125,4241.9501953125,4112.4501953125,4143.0,5759183,-0.01849829891605348,4234.378627232143,4314.247628348215,0.008735597413648039,1.4209691555882507,0
2024-10-14,3843.198974609375,4136.64990234375,4165.39990234375,4122.2001953125,4140.0,2137590,-0.003024749922389547,4220.650041852678,4296.102376302083,0.007951057121699714,-0.6288379792758799,0
2024-10-15,3824.75634765625,4116.7998046875,4169.9501953125,4095.0,4131.0498046875,2759474,-0.004798592611137686,4201.300013950893,4276.778552827381,0.007157515286679595,0.2909276334563691,0
2024-10-16,3804.45654296875,4094.949951171875,4115.0,4067.199951171875,4085.0,2359151,-0.0053074850739028845,4175.885707310268,4256.859502883184,0.0058327458662652655,-0.14507221303770212,1
2024-10-17,3817.510009765625,4109.0,4129.9501953125,4092.949951171875,4112.7998046875,2522659,0.0034310672891384453,4155.278564453125,4237.9714122953865,0.0068625107860397164,0.06930798410105998,1
2024-10-18,3839.907958984375,4123.0498046875,4146.14990234375,4080.0,4090.0,2361000,0.0034192759035045484,4136.72136579241,4227.34759812128,0.007378877467040372,-0.0640827793213431,0
2024-10-21,3799.675048828125,4079.85009765625,4139.9501953125,4070.0,4132.60009765625,1595450,-0.010477609798003495,4115.642822265625,4217.047607421875,0.00772660683302975,-0.3242481999152901,0
2024-10-22,3739.743896484375,4015.5,4089.800048828125,4006.35009765625,4066.0,1928049,-0.015772662258649484,4096.54279436384,4204.219040643601,0.006966434586831192,0.2084672036102666,1
2024-10-23,3787.00927734375,4066.25,4113.5498046875,3995.14990234375,3999.60009765625,1966476,0.012638525712862725,4086.485665457589,4194.588088262649,0.009594308336774172,0.01993051006483748,0
2024-10-24,3769.9189453125,4047.89990234375,4079.0,4004.0,4004.0,2676744,-0.0045127814709499114,4076.642822265625,4183.949997674851,0.009583048876253749,0.36118823723249105,1
2024-10-25,3778.90673828125,4057.550048828125,4092.0,4032.699951171875,4057.050048828125,1759676,0.0023839884179912563,4071.299979073661,4173.607142857143,0.009630775180499571,-0.3426057927093513,1
2024-10-28,3809.91943359375,4090.85009765625,4134.0,4051.0,4068.949951171875,1532534,0.008206934831954227,4068.7071358816966,4164.004766555059,0.010173209060374418,-0.12908171731614226,0
2024-10-29,3795.390869140625,4075.25,4103.5,4060.10009765625,4095.85009765625,1445885,-0.003813412196449706,4061.878592354911,4152.888090587798,0.010065125118919167,-0.056539691778453194,1
2024-10-30,3804.1455078125,4084.64990234375,4107.0,4060.050048828125,4075.0,1935002,0.0023065829933746063,4062.564278738839,4144.1333240327385,0.009322722719912954,0.3382820902077275,0
2024-10-31,3695.925048828125,3968.449951171875,4078.300048828125,3960.0,4070.0,3740372,-0.028447958564380316,4055.842843191964,4128.921421595982,0.013318166168826313,0.9330067875898835,1
2024-11-01,3710.59375,3984.199951171875,3998.949951171875,3976.050048828125,3989.85009765625,154895,0.003968803989917724,4044.121407645089,4117.085704985119,0.012122191170897972,-0.9585883436192978,0
2024-11-04,3691.920166015625,3964.14990234375,3991.89990234375,3913.25,3966.300048828125,2269192,-0.005032390209790516,4032.1571219308034,4103.366652715774,0.012135696558837434,13.649872494270312,1
2024-11-05,3698.626220703125,3971.35009765625,3986.0,3941.10009765625,3941.10009765625,967590,0.001816327709565968,4019.842843191964,4089.0095098586307,0.012096192886577158,-0.5735971217948944,1
2024-11-06,3855.36865234375,4139.64990234375,4149.7998046875,3975.25,4003.60009765625,3792017,0.04237848604353078,4026.8142438616073,4083.5999813988096,0.020994672395878624,2.919032854824874,1
2024-11-07,3865.845458984375,4150.89990234375,4205.7998046875,4085.050048828125,4169.7001953125,3724349,0.002717621119030067,4037.6213727678573,4078.7404436383927,0.020843944439715646,-0.017844856708184587,0
2024-11-08,3862.2138671875,4147.0,4169.75,4117.64990234375,4155.0,1648039,-0.0009395317727483032,4046.5285295758927,4074.9118768601193,0.020893201089079504,-0.557496088578165,1
2024-11-11,3910.36376953125,4198.7001953125,4234.2998046875,4117.64990234375,4128.2001953125,1406487,0.012466890598625602,4079.4214215959823,4077.269019717262,0.015988084856179852,-0.14656934696326973,0
2024-11-12,3909.15234375,4197.39990234375,4218.0,4164.35009765625,4216.0,1587640,-0.0003096894058313149,4109.878557477678,4080.1618768601193,0.016256182318616474,0.12879820432040967,0
2024-11-13,3865.333984375,4150.35009765625,4196.75,4131.0498046875,4178.10009765625,1098813,-0.01120927378428449,4136.478585379465,4081.7595098586307,0.017195741754347453,-0.3078953667078179,0
2024-11-14,3861.18896484375,4145.89990234375,4160.0,4116.4501953125,4135.0,1825432,-0.0010722457642822203,4161.414271763393,4084.1856980096727,0.0173663658072178,0.6612763045213335,0
2024-11-18,3743.469482421875,4019.5,4213.0,3990.199951171875,4213.0,3313944,-0.030487929115773804,4144.25,4079.9237932477677,0.013548223357792278,0.8154299913664271,1
2024-11-19,3762.142578125,4039.550048828125,4132.14990234375,4014.10009765625,4019.89990234375,1776233,0.004988194757588049,4128.342878069197,4075.9476143973216,0.01376464066364729,-0.46401236713716343,1
2024-11-21,3793.15576171875,4072.85009765625,4092.449951171875,4024.0,4044.89990234375,2384347,0.008243504456092898,4117.750034877232,4075.614281063988,0.014500076397639223,0.34236161584656966,1
2024-11-22,3953.111083984375,4244.60009765625,4254.9501953125,4054.0,4071.0,3096553,0.0421694871851126,4124.307163783482,4086.5238095238096,0.022006892671930102,0.2987006505345069,1
2024-11-25,4018.77001953125,4315.10009765625,4328.10009765625,4252.2001953125,4280.0,4052167,0.01660933854261759,4141.121477399553,4098.373814174107,0.022661038265489715,0.30860573030721583,1
2024-11-26,4053.7880859375,4352.7001953125,4366.60009765625,4310.0,4321.0498046875,2060669,0.008713609604716455,4170.02863420759,4112.888113839285,0.021634326421629786,-0.4914649371558477,0
2024-11-27,4035.02099609375,4332.5498046875,4377.39990234375,4324.0498046875,4358.9501953125,1558993,-0.004629400078300927,4196.692905970982,4125.98334030878,0.02189636685590358,-0.24345297570837432,0
2024-11-28,3953.390869140625,4244.89990234375,4339.9501953125,4233.0,4319.0,2558544,-0.02023055851520028,4228.89289202009,4133.319045293899,0.019182360010810674,0.6411516921499969,1
2024-11-29,3977.558837890625,4270.85009765625,4298.7001953125,4195.64990234375,4220.0,2017425,0.006113264366533588,4261.935756138393,4142.633335658482,0.019157806278916074,-0.2114948970977243,1
2024-12-02,3982.96044921875,4276.64990234375,4288.2001953125,4230.0498046875,4270.0,1670944,0.0013579977182254233,4291.050013950893,4151.77619280134,0.01932769771093308,-0.17174417884184046,1
2024-12-03,4007.267822265625,4302.75,4325.0,4265.4501953125,4314.35009765625,2010905,0.006102930623791858,4299.357142857143,4167.695242745535,0.011767306097494415,0.20345445448800192,1
2024-12-04,4055.37060546875,4354.39990234375,4386.9501953125,4289.0498046875,4313.5498046875,3302642,0.012003928265353458,4304.971400669643,4185.323811848958,0.010912391415695855,0.642365999388335,1
2024-12-05,4157.49072265625,4464.0498046875,4489.0,4360.0,4400.7998046875,3746747,0.02518140382208145,4320.878487723215,4209.128569103423,0.014080360829087384,0.13446961553810555,0
2024-12-06,4140.21435546875,4445.5,4465.0,4412.75,4453.0,1842087,-0.00415537583564185,4337.014229910715,4231.707135881697,0.01403469124001604,-0.5083503102824931,1
2024-12-09,4146.40869140625,4452.14990234375,4469.39990234375,4415.5498046875,4430.4501953125,2066639,0.0014958727575637987,4366.621372767857,4246.588088262649,0.009518824195224217,0.12190086570286862,0
2024-12-10,4128.154296875,4432.5498046875,4493.7998046875,4412.10009765625,4426.14990234375,2087828,-0.004402389426719888,4389.721330915178,4259.999988374256,0.01044330178085865,0.01025287919176976,0
2024-12-11,4123.40478515625,4427.4501953125,4448.64990234375,4407.0,4431.85009765625,1635256,-0.0011504911619057978,4411.264229910715,4273.3547595796135,0.010644975244264068,-0.21676689842266705,1
2024-12-12,4149.015625,4454.9501953125,4485.0,4426.0,4430.0498046875,1914642,0.006211249994209966,4433.007114955357,4285.557140531994,0.010646905918340945,0.17085153639552453,1
2024-12-13,4166.66455078125,4473.89990234375,4494.89990234375,4394.39990234375,4434.9501953125,1967048,0.004253629378660362,4450.078543526785,4298.72380719866,0.010193695408067114,0.02737117435008729,0
2024-12-16,4111.99560546875,4415.2001953125,4475.0,4397.0,4459.0,1646224,-0.013120478399728852,4443.100027901785,4311.3357166108635,0.006482747571990743,-0.16309922279476663,0
2024-12-17,4031.249755859375,4328.5,4432.9501953125,4318.0,4410.0,3225027,-0.019636752916560196,4426.3857421875,4320.030959356399,0.009470834151610543,0.9590450631262817,1
2024-12-18,4049.270751953125,4347.85009765625,4362.0,4289.60009765625,4311.7001953125,1575404,0.004470393359420122,4411.485770089285,4335.66667829241,0.009806939361267145,-0.5115067253700512,0
2024-12-19,3978.5361328125,4271.89990234375,4364.0,4262.0,4282.0,3015763,-0.017468448453050733,4388.535784040178,4346.73095703125,0.011189065836512625,0.914279130940381,0
2024-12-20,3883.913818359375,4170.2998046875,4382.0,4152.5,4329.0,4116989,-0.023783351665264352,4351.800013950893,4351.371419270833,0.01295293454552516,0.3651566784259903,0
2024-12-23,3872.737548828125,4158.2998046875,4217.0,4114.89990234375,4200.0498046875,2195338,-0.0028774909627629075,4309.42138671875,4347.261881510417,0.011627330756594147,-0.4667612665469837,1
2024-12-24,3892.48193359375,4179.5,4218.0,4158.2998046875,4158.2998046875,1181886,0.005098284469196246,4267.3642578125,4340.804734002976,0.011799829110809361,-0.46163825342612386,0
2024-12-26,3882.7958984375,4169.10009765625,4199.9501953125,4143.14990234375,4179.5,1208464,-0.002488312559815742,4232.207101004465,4332.061872209822,0.011956916569796739,0.022487786470099413,0
2024-12-27,3878.837890625,4164.85009765625,4180.9501953125,4147.25,4163.0,858100,-0.001019404643795685,4208.828543526785,4324.076171875,0.01099434713656009,-0.28992506189675493,0
2024-12-30,3873.203125,4158.7998046875,4199.2998046875,4112.0,4151.0,1527169,-0.0014527036572468122,4181.821358816965,4319.976167224702,0.010311357246126267,0.7797098240298332,0
2024-12-31,3813.5986328125,4094.800048828125,4139.9501953125,4032.050048828125,4135.0,1555429,-0.015388996553101442,4156.521379743303,4311.59283156622,0.009959400161657028,0.018504828214821023,1
2025-01-01,3830.036376953125,4112.4501953125,4134.0,4085.449951171875,4094.39990234375,763161,0.004310380549454651,4148.25714983259,4303.773797898066,0.0067297423739062735,-0.509356582653403,1
2025-01-02,3888.989501953125,4175.75,4183.0,4096.9501953125,4120.0,1720835,0.015392236180671759,4150.750034877232,4297.726178850447,0.00935257943286925,1.2548780663582129,0
2025-01-03,3818.34814453125,4099.89990234375,4179.9501953125,4092.300048828125,4179.9501953125,1791953,-0.018164424991019557,4139.37859235491,4285.607131231399,0.011409479640070006,0.041327611304976974,0
2025-01-06,3813.78466796875,4095.0,4149.64990234375,4066.39990234375,4105.5,2085593,-0.0011951273105348381,4128.792864118303,4268.033331008184,0.011423699632041944,0.16386590496514142,0
2025-01-07,3751.664794921875,4028.300048828125,4140.35009765625,4011.550048828125,4114.9501953125,2669054,-0.016288144364316248,4109.285714285715,4248.166666666667,0.012500284161465057,0.2797578434526775,1
2025-01-08,3826.26416015625,4108.39990234375,4126.0,4017.75,4034.89990234375,2181277,0.01988428184214497,4102.085728236607,4231.797619047619,0.015629332727325522,-0.18275276558660858,0
2025-01-09,3761.49072265625,4038.85009765625,4137.75,4025.300048828125,4101.0,2392472,-0.016928684242209058,4094.0928780691966,4213.050013950893,0.015864214623445772,0.09682172415516233,1
2025-01-10,3972.715576171875,4265.64990234375,4297.0,4170.0,4200.0,7894300,0.056154548746216726,4115.978550502232,4205.3452380952385,0.027243433732630305,2.2996415423043612,1
2025-01-13,3996.418212890625,4291.10009765625,4322.9501953125,4227.39990234375,4245.0,4003771,0.005966311323045259,4132.457135881697,4197.542852492559,0.02690678920217555,-0.49282760979440865,0
2025-01-14,3942.354248046875,4233.0498046875,4313.89990234375,4219.0498046875,4302.0,3441709,-0.013528067779275621,4151.478550502232,4186.073800223215,0.02631495070724613,-0.14038315378177224,1
2025-01-15,3957.76806640625,4249.60009765625,4256.4501953125,4207.4501953125,4218.0,1653474,0.003909779882680153,4173.56427873884,4178.188081287202,0.026189404539250078,-0.5195776284398246,0
2025-01-16,3917.441162109375,4206.2998046875,4294.0,4191.85009765625,4260.0,2637705,-0.010189262983270164,4198.992815290178,4172.369024367559,0.02543048659104679,0.5952503637795332,0
2025-01-17,3911.750244140625,4124.2998046875,4160.60009765625,4100.0498046875,4159.89990234375,1761466,-0.01949456857749876,4201.264229910715,4161.723772321428,0.026308137959750448,-0.33219749744569615,0
2025-01-20,3867.647216796875,4077.800048828125,4145.7998046875,4068.10009765625,4145.7998046875,1287799,-0.011274581883335744,4206.828508649553,4152.480922154018,0.02575254830237484,-0.26890499163764725,0
2025-01-21,3827.85888671875,4035.85009765625,4111.0,4030.0,4095.300048828125,1971591,-0.010287397780558316,4173.999965122768,4146.07855515253,0.009310923185546664,0.5309772720742911,1
2025-01-22,3942.385986328125,4156.60009765625,4163.14990234375,4044.199951171875,4050.0,2409223,0.029919347120975548,4154.785679408482,4145.99761672247,0.016700656432773374,0.22196895806483186,0
2025-01-23,3931.810546875,4145.4501953125,4191.35009765625,4140.0498046875,4168.0,1822998,-0.0026824573165066257,4142.271449497768,4144.3761974516365,0.016210822196258627,-0.2433253376711081,1
2025-01-24,3938.35498046875,4152.35009765625,4178.0,4104.0,4104.0,1910099,0.0016644518734183489,4128.37859235491,4143.578578404018,0.01607593593815326,0.04777898823805615,0
2025-01-27,3855.64892578125,4065.14990234375,4156.35009765625,4041.050048828125,4102.0,1551782,-0.021000203080592694,4108.214320591518,4138.830950055803,0.017330544436619914,-0.1875908002674207,0
2025-01-28,3832.07958984375,4040.300048828125,4102.0,4028.300048828125,4070.800048828125,2468272,-0.006112899674695416,4096.21435546875,4133.188104538691,0.016127610231230233,0.5906048658896674,1
2025-01-29,3888.512939453125,4099.7998046875,4107.85009765625,4054.0,4054.0,1217089,0.014726568606366897,4099.357177734375,4133.426188151042,0.01683583314937259,-0.5069064511528714,1
2025-01-30,3888.750244140625,4100.0498046875,4129.89990234375,4058.5,4099.89990234375,1531251,6.09785872260904e-05,4108.528564453125,4132.835693359375,0.01613037490549828,0.2581257410099016,1
2025-01-31,3900.4638671875,4112.39990234375,4128.4501953125,4085.25,4110.0,1492943,0.0030121823501096934,4102.214250837053,4129.81902204241,0.010793845739784072,-0.02501745304982661,0
2025-02-01,3863.236572265625,4073.14990234375,4135.89990234375,4056.0,4113.0,437172,-0.009544305255340224,4091.8856375558034,4128.545212518601,0.011224671051447883,-0.7071743529391277,0
2025-02-03,3858.968505859375,4068.64990234375,4077.0,3998.699951171875,4030.89990234375,1265713,-0.0011047960688632674,4079.928466796875,4127.290445963542,0.01110338211050871,1.895228880166159,1
2025-02-04,3895.389404296875,4107.0498046875,4118.85009765625,4066.050048828125,4083.699951171875,2547132,0.009437996206463906,4085.9141671316966,4131.040434337798,0.008456054806721774,1.0124088162166305,0
2025-02-05,3880.261474609375,4091.10009765625,4150.0,4076.0,4150.0,1693912,-0.0038834949147794617,4093.171316964286,4130.216634114583,0.008158435113383046,-0.3349728243373331,0
2025-02-06,3872.341796875,4082.75,4139.5,4051.550048828125,4105.39990234375,2284536,-0.0020410396853974833,4090.7356305803573,4132.3071056547615,0.0058787295954678825,0.34867454743811965,0
2025-02-07,3821.7412109375,4029.39990234375,4090.0,4008.0,4090.0,1548940,-0.013067196780662593,4080.6427873883927,4121.0571056547615,0.00750827785495711,-0.3219892354508749,1
2025-02-10,3828.902099609375,4036.949951171875,4052.0,4014.35009765625,4040.0,1339511,0.0018737402618522747,4069.8642229352677,4108.954717726934,0.007381354192750627,-0.1352079486616654,0
2025-02-11,3759.284912109375,3963.550048828125,4040.0,3955.0,4018.39990234375,1810908,-0.018182019403644833,4054.207101004464,4096.121396019345,0.0092241088641925,0.35191722949643567,0
2025-02-12,3746.57568359375,3950.14990234375,4021.75,3940.14990234375,3971.10009765625,1678002,-0.003380844525562865,4037.2785295758927,4081.861862909226,0.009150938748079786,-0.07339191168187453,0
2025-02-13,3708.636962890625,3910.14990234375,3984.449951171875,3902.25,3968.0,2277310,-0.010126197989667851,4009.149972098214,4067.7594866071427,0.007044639500581241,0.35715571256768475,1
2025-02-14,3732.06396484375,3934.85009765625,3948.0,3900.0,3925.0,1681975,0.006316943321711177,3986.828543526786,4058.7380719866073,0.008659903661852323,-0.26142027216321007,0
2025-02-17,3703.278076171875,3904.5,3934.0,3856.199951171875,3856.5,1799806,-0.007713152192081685,3961.3642578125,4050.4856887090773,0.00854525522864659,0.07005514350688924,0
2025-02-18,3673.59130859375,3873.199951171875,3924.39990234375,3864.5,3898.39990234375,2149879,-0.008016403848924325,3939.049979073661,4042.7404436383927,0.008081800247489983,0.19450596342050197,0
2025-02-19,3589.083251953125,3784.10009765625,3874.949951171875,3768.14990234375,3872.199951171875,4366672,-0.02300419669494913,3902.9285714285716,4025.0023484002977,0.009577123085801954,1.0311245423579654,0
2025-02-20,3584.625,3779.39990234375,3788.0,3751.300048828125,3761.5,2888572,-0.0012420906400999465,3876.621407645089,4007.5713820684523,0.009042135961145406,-0.33849576977615903,1
2025-02-21,3590.885009765625,3786.0,3817.0,3775.0,3776.10009765625,1833931,0.0017463348221384845,3853.1714215959823,3990.1261393229165,0.009552654716484659,-0.3651080880102694,0
2025-02-24,3486.1748046875,3675.60009765625,3763.199951171875,3670.0,3743.14990234375,2508516,-0.02916003759739827,3819.664306640625,3971.576148623512,0.013005864112457778,0.3678355401593625,0
2025-02-25,3442.497802734375,3629.550048828125,3658.0,3621.25,3625.0,4101954,-0.012528579716136412,3776.0500139508927,3952.016624813988,0.011198205411844183,0.6352114158331061,0
2025-02-27,3426.3740234375,3612.550048828125,3638.0,3600.699951171875,3611.699951171875,3823856,-0.0046837761626923324,3734.3428780691966,3928.814255487351,0.011421506524409717,-0.06779646968249764,0
2025-02-28,3303.7373046875,3483.25,3600.0,3457.0,3584.949951171875,7085018,-0.03579190518621844,3678.6357421875,3899.4428362165177,0.01460087462722132,0.8528464461004808,1
2025-03-03,3313.0322265625,3493.050048828125,3523.25,3476.14990234375,3485.0,4990439,0.0028134784549271874,3637.0571637834823,3869.9499860491073,0.015463223472056867,-0.2956349581610096,1
2025-03-04,3350.02294921875,3532.050048828125,3551.0,3464.300048828125,3474.0,2797737,0.011165027541785166,3601.7214704241073,3844.183326357887,0.01739393717205695,-0.43938058355186793,1
2025-03-05,3364.249755859375,3547.050048828125,3600.35009765625,3520.85009765625,3520.85009765625,2501894,0.004246825439230939,3567.585763113839,3819.345238095238,0.01768640251858188,-0.10574367783676597,1
2025-03-06,3415.988525390625,3601.60009765625,3609.449951171875,3536.10009765625,3557.0,2786513,0.015378990450430008,3557.014334542411,3795.2762044270835,0.017288341655354526,0.11376141435248655,1
2025-03-07,3425.09375,3611.199951171875,3625.0,3574.39990234375,3600.0,2051315,0.0026654412636961666,3554.392892020089,3772.4238164992557,0.016806239322051185,-0.2638415826518663,0
2025-03-10,3404.654296875,3589.64990234375,3622.10009765625,3582.60009765625,3606.5,1004626,-0.005967559016257673,3551.1214425223216,3748.9428594680057,0.016865121452024987,-0.5102526915661417,0
2025-03-11,3391.04345703125,3575.300048828125,3588.75,3537.64990234375,3558.0,1995450,-0.003997563524580916,3564.2714494977677,3727.3190569196427,0.007604510672441935,0.9862615540509603,0
2025-03-12,3325.505126953125,3506.199951171875,3569.25,3486.85009765625,3565.0,3174167,-0.019327076528555698,3566.1500069754466,3702.0452473958335,0.011611505541178402,0.5907023478413391,1
2025-03-13,3330.10498046875,3511.050048828125,3524.300048828125,3484.10009765625,3502.300048828125,1693004,0.0013832918041736253,3563.1500069754466,3680.497628348214,0.010678536292761082,-0.4666304576917345,0
2025-03-17,3317.44287109375,3497.699951171875,3530.449951171875,3477.35009765625,3489.0,2690906,-0.0038023091299156375,3556.0999930245534,3658.952392578125,0.01047563949299638,0.5894268412833048,0
2025-03-18,3317.44287109375,3497.699951171875,3497.699951171875,3497.699951171875,3497.699951171875,0,0.0,3541.2571149553573,3639.3119187127977,0.007394607875680922,-1.0,0
2025-03-19,3316.874267578125,3497.10009765625,3547.0,3462.75,3547.0,3051244,-0.00017149942076188918,3524.9571358816966,3618.4666806175596,0.007027484827972427,inf,1
2025-03-20,3379.52001953125,3563.14990234375,3578.949951171875,3512.0,3512.0,2845192,0.018887021487250744,3521.1714215959823,3602.2119140625,0.011221854133861177,-0.06753048920374771,1
2025-03-21,3393.69970703125,3578.10009765625,3616.25,3465.0,3475.0,4161925,0.004195780621709444,3521.5714285714284,3588.1595400855654,0.011284698688995422,0.46279231770650275,1
2025-03-24,3441.9287109375,3628.949951171875,3649.75,3566.60009765625,3600.0,1834751,0.014211411678765717,3539.1071428571427,3580.771437872024,0.008372965702750148,-0.5591580818971991,1
2025-03-25,3469.24462890625,3657.75,3710.0,3638.0,3645.0,3135390,0.007936193448693007,3560.064278738839,3574.978585379464,0.008272448017631955,0.7088912882456531,0
2025-03-26,3448.426025390625,3635.800048828125,3680.5,3625.85009765625,3647.75,1734499,-0.006000943523169933,3579.7928641183034,3567.8262067522323,0.008730981208387053,-0.4467996006876338,1
2025-03-27,3463.031982421875,3651.199951171875,3663.0,3610.5,3614.85009765625,2528474,0.004235629610245928,3601.721435546875,3566.6642950148807,0.00842111092828967,0.45775465999115594,0
2025-03-28,3420.303466796875,3606.14990234375,3660.949951171875,3591.89990234375,3651.0,2051919,-0.012338422828272133,3617.299979073661,3565.550002325149,0.010855491376386245,-0.18847534125326182,0
2025-04-01,3367.80615234375,3550.800048828125,3584.0,3525.0,3572.699951171875,2618493,-0.015348738963860464,3615.535714285714,3562.6095261346727,0.010976819441948489,0.2761190865721308,0
2025-04-02,3361.309326171875,3543.949951171875,3564.10009765625,3530.050048828125,3544.0,1764313,-0.0019291702044756942,3610.6571219308034,3565.5,0.010787804536696685,-0.3262105340743703,0
2025-04-03,3227.765625,3403.14990234375,3502.0,3396.14990234375,3491.0,4537821,-0.039729694484417544,3578.399972098214,3561.219040643601,0.015899522045366273,1.5720045139382863,0
2025-04-04,3129.3623046875,3299.39990234375,3399.64990234375,3295.5,3362.60009765625,5317367,-0.030486461947664245,3527.207101004464,3550.1404622395835,0.015699147515310333,0.171788618369918,0
2025-04-07,3105.319091796875,3274.050048828125,3291.39990234375,3056.050048828125,3100.0,6623955,-0.007683170960154806,3475.5285295758927,3537.1404622395835,0.01555936650468148,0.24572086147147632,1
2025-04-08,3123.244873046875,3292.949951171875,3349.0,3255.300048828125,3302.050048828125,5557558,0.005772636967023459,3424.3499581473216,3522.4428362165177,0.015879565041557395,-0.16099097895441616,0
2025-04-09,3079.28369140625,3246.60009765625,3270.0,3212.050048828125,3260.550048828125,2990265,-0.014075480709668908,3372.9857003348216,3505.0809384300596,0.015853073575643504,-0.4619462360986606,0
2025-04-11,3064.961669921875,3231.5,3298.949951171875,3206.0,3289.550048828125,7108961,-0.004651049467765067,3327.371407645089,3488.0261811755954,0.01629879621953653,1.37736822656186,1
2025-04-15,3080.801025390625,3248.199951171875,3314.39990234375,3238.60009765625,3314.39990234375,3512160,0.005167863584055299,3285.121407645089,3472.4499860491073,0.017310070902685652,-0.5059531202942315,1
2025-04-16,3105.08203125,3273.800048828125,3278.10009765625,3229.0,3248.199951171875,2384391,0.007881318281226513,3266.6428571428573,3461.383324032738,0.013682461741428599,-0.32110410687440205,1
2025-04-17,3128.888427734375,3298.89990234375,3303.60009765625,3218.0,3245.5,2932346,0.007666886535910855,3266.5714285714284,3451.280936104911,0.008753172008638566,0.2298092049500271,1
2025-04-21,3150.41845703125,3321.60009765625,3354.0,3284.10009765625,3290.10009765625,2432946,0.006881140981686684,3273.3642926897323,3442.8952287946427,0.008340619593474192,-0.17030732389697534,0
2025-04-22,3143.58935546875,3314.39990234375,3333.89990234375,3295.0,3322.60009765625,2710498,-0.0021676887948012258,3276.4285714285716,3434.1666550409227,0.0082964344991087,0.11408062488850956,1
2025-04-23,3237.108154296875,3413.0,3420.89990234375,3337.300048828125,3365.0,3543923,0.02974900451406781,3300.1999860491073,3430.161888485863,0.01111732639553772,0.30748039659132753,0
2025-04-24,3226.295654296875,3401.60009765625,3412.5,3387.699951171875,3401.10009765625,2252175,-0.0033401413254467993,3324.5,3422.469040643601,0.01089283893384587,-0.3644966326864325,1
2025-04-25,3270.30419921875,3448.0,3477.800048828125,3405.0,3420.0,2742991,0.013640610598441683,3353.0428641183034,3416.2737978980654,0.011072023002263166,0.2179297789914194,0
2025-04-28,3266.0361328125,3443.5,3457.800048828125,3405.0,3435.0,1593296,-0.0013051044083526309,3377.285714285714,3407.442847842262,0.011700204188015994,-0.41913918055144916,1
2025-04-29,3293.54150390625,3472.5,3495.0,3430.39990234375,3455.0,1578332,0.00842166400464639,3402.0857282366073,3398.6214192708335,0.011707586430675427,-0.009391851859290479,0
2025-04-30,3275.71044921875,3453.699951171875,3509.89990234375,3366.0,3472.0,2809332,-0.005413980944024455,3420.9571358816966,3389.9499860491073,0.012682125740387776,0.7799373008974031,0
2025-05-02,3254.180419921875,3431.0,3491.5,3420.0,3472.0,1721761,-0.006572647158932465,3437.6142926897323,3379.4642740885415,0.013232321683236308,-0.3871279720588382,1
2025-05-05,3276.27978515625,3454.300048828125,3504.5,3446.39990234375,3450.0,1284443,0.0067910372568129596,3443.5142996651784,3372.233328683036,0.007822424405043316,-0.25399460203826196,1
2025-05-06,3281.68603515625,3460.0,3473.0,3437.0,3460.0,1324763,0.0016501030863860233,3451.8571428571427,3367.9095168340773,0.007502506244762131,0.031391038761548806,0
2025-05-07,3267.5537109375,3445.10009765625,3459.5,3420.60009765625,3420.60009765625,1477128,-0.004306330157153204,3451.44287109375,3363.2023809523807,0.005950446479699519,0.11501302497125909,1
2025-05-08,3271.157470703125,3448.89990234375,3477.0,3428.699951171875,3448.0,2543591,0.0011029591535192118,3452.214285714286,3365.3809523809523,0.005939101735817811,0.721984147616185,0
2025-05-09,3263.00146484375,3440.300048828125,3446.199951171875,3398.10009765625,3399.0,2531757,-0.002493506265514034,3447.6142926897323,3372.0904831659227,0.004745654765058612,-0.004652477540610933,1
2025-05-12,3433.8193359375,3620.39990234375,3630.5,3502.199951171875,3505.0,2228678,0.05235004242637875,3471.4285714285716,3388.5833333333335,0.0205028873077332,-0.11971093592315529,0
2025-05-13,3333.851318359375,3515.0,3623.0,3510.5,3620.39990234375,3062887,-0.029112779026294056,3483.4285714285716,3399.1571451822915,0.02438054620078432,0.37430665174601274,1
2025-05-14,3365.814453125,3548.699951171875,3561.0,3508.60009765625,3521.0,2119499,0.00958746832770263,3496.9142717633927,3413.5428524925596,0.02446218743814829,-0.3080061393058249,1
2025-05-15,3395.406494140625,3579.89990234375,3600.0,3514.10009765625,3564.0,3548330,0.008791938343948091,3514.0428292410716,3430.133324032738,0.02449135343141352,0.6741361991678223,0
2025-05-16,3377.765380859375,3561.300048828125,3593.89990234375,3546.10009765625,3593.89990234375,1666727,-0.0051956350800332896,3530.642822265625,3445.0428524925596,0.02455070358172721,-0.5302784690262743,0
2025-05-19,3337.455322265625,3518.800048828125,3550.0,3503.699951171875,3550.0,2537377,-0.011933844219047196,3540.6285574776784,3456.709519159226,0.02537657792540329,0.5223710901665359,0
2025-05-20,3318.011962890625,3498.300048828125,3558.0,3494.0,3531.800048828125,2038374,-0.005825849640654357,3548.9142717633927,3466.204764229911,0.025530703673038464,-0.19666096129979893,1
2025-05-21,3344.094970703125,3525.800048828125,3537.0,3498.300048828125,3508.0,1440153,0.007860960928497862,3535.4000069754466,3475.9285714285716,0.014063084650169148,-0.2934795086672024,0
2025-05-22,3297.809814453125,3477.0,3497.800048828125,3451.300048828125,3495.0,2034383,-0.013840844106955186,3529.971435546875,3483.671433221726,0.010083115636412426,0.4126158817847825,1
2025-05-23,3333.47216796875,3514.60009765625,3535.0,3465.60009765625,3477.0,1274331,0.01081394813236991,3525.100027901786,3488.5095331101193,0.01031601790557543,-0.3736032005772758,1
2025-05-26,3355.002197265625,3537.300048828125,3545.0,3510.10009765625,3521.0,967470,0.0064587579073398516,3519.014334542411,3494.971435546875,0.009966125189045804,-0.24080164415681637,0
2025-05-27,3318.39111328125,3498.699951171875,3540.0,3483.10009765625,3532.0,2467680,-0.010912305182885995,3510.071463448661,3497.385718936012,0.01052226449107131,1.5506527334180906,0
2025-05-28,3317.44287109375,3497.699951171875,3529.0,3493.0,3520.0,1222933,-0.00028582045158376257,3507.0571637834823,3499.9666689918154,0.009664617778754806,-0.5044199409972119,1
2025-05-29,3317.822509765625,3498.10009765625,3532.5,3486.5,3504.699951171875,3188072,0.000114402747508624,3507.0285993303573,3501.185721261161,0.009409105871770022,1.6069065108227516,0
2025-05-30,3284.910400390625,3463.39990234375,3506.699951171875,3453.10009765625,3490.0,3404365,-0.009919726235321114,3498.1142926897323,3501.6476236979165,0.009342478969419548,0.06784445269742956,0
2025-06-02,3272.011474609375,3449.800048828125,3460.0,3418.60009765625,3450.0,1877585,-0.003926734971154144,3494.228585379464,3502.5428641183034,0.007992430999970806,-0.44847717562599776,0
2025-06-03,3229.709716796875,3405.199951171875,3473.5,3400.5,3446.0,2848125,-0.012928313822536008,3478.5999930245534,3500.204764229911,0.007082856741851235,0.5169086885547125,0
2025-06-04,3235.1640625,3380.89990234375,3394.800048828125,3370.0,3389.0,2544807,-0.007136159161450162,3456.2571149553573,3496.4380929129466,0.005193625003591314,-0.10649743252139565,0
2025-06-05,3225.786865234375,3371.10009765625,3409.0,3363.699951171875,3409.0,3584683,-0.0028985787720915424,3438.028564453125,3492.914283389137,0.004916179610596216,0.40862666599078046,1
2025-06-06,3238.322021484375,3384.199951171875,3390.89990234375,3358.699951171875,3371.10009765625,2070390,0.0038859283723828852,3421.814278738839,3489.8333333333335,0.005796896879553252,-0.4224342849841952,1
2025-06-09,3274.396728515625,3421.89990234375,3434.0,3390.89990234375,3400.0,1718678,0.011139989278358131,3410.928536551339,3488.9571358816966,0.008283503204965681,-0.16987717289979187,1
2025-06-10,3313.629638671875,3462.89990234375,3485.800048828125,3423.199951171875,3440.0,2419874,0.011981647964605324,3410.857107979911,3481.4571358816966,0.00935097837120956,0.40798567270890773,1
2025-06-11,3322.24169921875,3471.89990234375,3489.0,3449.10009765625,3470.0,2847013,0.0025989778087169846,3414.014229910714,3479.4047502790177,0.00921662500217527,0.17651290934982566,0
2025-06-12,3286.16650390625,3434.199951171875,3474.699951171875,3423.199951171875,3471.89990234375,4060134,-0.010858593920413773,3418.1570870535716,3473.952369326637,0.008716882471892125,0.4261030771548988,1
2025-06-13,3297.171142578125,3445.699951171875,3450.5,3393.199951171875,3393.199951171875,2178493,0.003348669315563768,3427.414236886161,3467.5618954613096,0.00789922649268582,-0.4634430784796758,1
2025-06-16,3345.58984375,3496.300048828125,3509.0,3426.199951171875,3440.0,1934088,0.014684998221926149,3445.2999441964284,3464.4666573660716,0.008573375192898912,-0.11218994047720143,1
2025-06-17,3363.77099609375,3515.300048828125,3520.0,3488.10009765625,3510.0,2111940,0.005434316201313516,3464.0285295758927,3464.2999906994046,0.008552128061497227,0.09195651904153279,0
2025-06-18,3302.62548828125,3451.39990234375,3538.0,3443.10009765625,3519.10009765625,2696327,-0.01817772184359545,3468.2428152901784,3462.066650390625,0.011856395572508982,0.2767062511245584,0
2025-06-19,3276.40625,3424.0,3451.0,3413.0,3450.0,2672768,-0.007938779370406657,3462.6856863839284,3457.2190290178573,0.01123620555411186,-0.008737441712373895,1
2025-06-20,3287.60205078125,3435.699951171875,3446.300048828125,3410.89990234375,3425.0,2351248,0.003417041814215871,3457.5142647879466,3455.2523600260415,0.011290773243839923,-0.12029476557636132,0
2025-06-23,3247.317138671875,3393.60009765625,3425.0,3370.0,3415.0,3123421,-0.012253646742715452,3451.714285714286,3449.490455264137,0.011495161075257953,0.32840984872714407,0
2025-06-24,3244.25439453125,3390.39990234375,3442.10009765625,3382.0,3434.60009765625,3403048,-0.0009430089640527495,3443.814278738839,3442.4952101934523,0.01129744696929899,0.08952587563444059,1
2025-06-25,3296.31005859375,3444.800048828125,3450.0,3400.0,3407.300048828125,1757699,0.016045348056660913,3436.4571358816966,3439.9285481770835,0.011643778710942397,-0.483492739450046,0
2025-06-26,3293.439208984375,3441.800048828125,3451.39990234375,3415.300048828125,3444.800048828125,2879106,-0.0008708778325233757,3425.9571358816966,3437.266648065476,0.011202988982446552,0.6379971769910548,0
2025-06-27,3292.769287109375,3441.10009765625,3466.39990234375,3431.0,3455.0,1778433,-0.0002033677616203322,3424.4857352120534,3434.5523623511904,0.008971401492372681,-0.38229679629718394,1
2025-06-30,3312.768310546875,3462.0,3464.89990234375,3430.0,3439.89990234375,1468351,0.006073610691530007,3429.914306640625,3434.4857003348216,0.008560861559503467,-0.17435686359846003,0
2025-07-01,3281.860595703125,3429.699951171875,3485.0,3413.5,3455.0,2375183,-0.009329881232849502,3429.0571637834823,3433.5285528273807,0.009424399627175993,0.617585304876014,0
2025-07-02,3275.736328125,3423.300048828125,3489.89990234375,3420.0,3487.199951171875,3090585,-0.0018660239772763099,3433.3000139508927,3434.3904622395835,0.007908110371419549,0.3011986865854126,0
2025-07-03,3254.20654296875,3400.800048828125,3435.300048828125,3397.60009765625,3430.0,2531870,-0.0065726052870248575,3434.7857491629466,3435.338088262649,0.008439354631787714,-0.18077969057637955,1
2025-07-04,3272.387451171875,3419.800048828125,3427.0,3390.10009765625,3408.0,1109320,0.005586920644319315,3431.2143205915177,3437.6571335565477,0.005704689476216365,-0.5618574413378254,0
2025-07-07,3264.63671875,3411.699951171875,3426.10009765625,3408.39990234375,3418.300048828125,1639174,-0.0023685880871969767,3426.914306640625,3438.9666573660716,0.0057259471971550305,0.477638553347997,0
2025-07-08,3259.37353515625,3406.199951171875,3425.0,3393.39990234375,3405.0,2325242,-0.0016120995628912116,3421.9285714285716,3438.219040643601,0.005708169614103276,0.4185449500785152,0
2025-07-09,3237.939208984375,3383.800048828125,3414.0,3367.0,3410.0,2034938,-0.0065762147451278175,3410.757149832589,3434.4523809523807,0.0048739872147738825,-0.1248489404543699,0
2025-07-10,3236.216796875,3382.0,3399.0,3356.0,3380.0,3035012,-0.0005319607548172067,3403.94287109375,3430.171433221726,0.004120492154346818,0.49145182801638176,0
2025-07-11,3125.21728515625,3266.0,3335.0,3261.10009765625,3299.89990234375,7635550,-0.0342992312241277,3381.471435546875,3422.161911737351,0.012880026818494747,1.51582201322433,0
2025-07-14,3083.783447265625,3222.699951171875,3272.0,3200.0,3266.0,3924009,-0.013257822666296715,3356.028564453125,3411.5428641183034,0.013121101823271258,-0.4860869223566082,1
2025-07-15,3112.107666015625,3252.300048828125,3259.39990234375,3206.0,3206.0,2590889,0.009184875447522334,3332.0999930245534,3399.9238164992557,0.013776929814169137,-0.33973418511527365,0
2025-07-16,3104.234375,3233.10009765625,3244.89990234375,3220.60009765625,3227.0,2540733,-0.005903499333892337,3306.5857282366073,3386.4857235863096,0.013640163625325736,-0.019358606254455513,0
2025-07-17,3081.286865234375,3209.199951171875,3242.0,3204.10009765625,3224.10009765625,2947640,-0.007392331125689822,3278.44287109375,3374.952392578125,0.01339201583589112,0.160153388805514,0
2025-07-18,3062.756103515625,3189.89990234375,3228.800048828125,3187.0,3225.0,3432645,-0.006013975171935693,3250.742850167411,3363.8047688802085,0.01340643170232031,0.16454010666160057,0
2025-07-21,3032.319580078125,3158.199951171875,3197.60009765625,3152.0,3190.0,3844346,-0.009937600596364726,3218.771414620536,3350.5904831659227,0.012960128293977163,0.11993695823483064,1
2025-07-22,3033.6640625,3159.60009765625,3180.10009765625,3154.60009765625,3159.60009765625,3198036,0.00044333687100950314,3203.5714285714284,3339.4476260230654,0.007419972843432755,-0.16811962294757032,1
2025-07-23,3052.38671875,3179.10009765625,3182.0,3157.60009765625,3159.60009765625,1922875,0.0061716671089055986,3197.3428780691966,3329.3857305617557,0.0073170567318483724,-0.39873253459310654,0
2025-07-24,3022.5263671875,3148.0,3173.699951171875,3140.0,3165.10009765625,2934778,-0.009782673304051692,3182.44287109375,3315.252394903274,0.005892128690110164,0.5262448157056492,0
2025-07-25,3010.812744140625,3135.800048828125,3156.89990234375,3125.60009765625,3140.0,2568917,-0.003875460982171175,3168.5428641183034,3300.6809663318454,0.005868929342487545,-0.12466394391671198,0
2025-07-28,2956.564697265625,3079.300048828125,3118.0,3069.89990234375,3110.0,3374473,-0.018017730442065227,3149.9857352120534,3283.452392578125,0.007834536429587442,0.3135780564338979,0
2025-07-29,2934.193359375,3056.0,3074.0,3041.199951171875,3060.0,4785312,-0.007566670496105821,3130.857177734375,3264.1190592447915,0.007861591533398318,0.4180916546079936,0
2025-07-30,2931.88916015625,3053.60009765625,3069.0,3047.199951171875,3060.0,2880121,-0.0007853083585569465,3115.9143415178573,3246.209542410714,0.007874298644387708,-0.39813307888806415,0
2025-07-31,2915.7587890625,3036.800048828125,3059.800048828125,3015.0,3041.699951171875,2968371,-0.005501718722441651,3098.3714773995534,3227.8047805059523,0.007531003836839264,0.030641073760442783,0
2025-08-01,2883.3056640625,3003.0,3036.800048828125,3000.0,3029.89990234375,2053847,-0.011130152886150046,3073.2143205915177,3208.8619210379466,0.005608940941697474,-0.3080895211548691,1
2025-08-04,2951.859619140625,3074.39990234375,3079.39990234375,2991.60009765625,3009.10009765625,2519252,0.023776191256660084,3062.700020926339,3192.4142950148807,0.01317035742553635,0.2266015920367972,0
2025-08-05,2941.7783203125,3063.89990234375,3077.5,3042.0,3074.39990234375,1927996,-0.0034153006549327847,3052.4285714285716,3175.8523879278273,0.013168155333903005,-0.23469506027979736,0
2025-08-06,2911.437744140625,3032.300048828125,3066.800048828125,3026.0,3063.0,1487081,-0.010313605053302366,3045.714285714286,3158.047630673363,0.011996463748859938,-0.22869082715939248,1
2025-08-07,2925.552001953125,3047.0,3051.60009765625,3010.89990234375,3016.0,2543076,0.004847789115577816,3044.4285714285716,3142.0095331101193,0.01197706323685674,0.7101126300450344,0
2025-08-08,2915.37451171875,3036.39990234375,3059.800048828125,3025.0,3048.10009765625,2762140,-0.0034788636876436074,3041.9714006696427,3125.5523856026784,0.012036116504533718,0.08614135008155488,1
2025-08-11,2919.599365234375,3040.800048828125,3049.89990234375,3021.300048828125,3036.39990234375,1884215,0.0014491327314885005,3042.5428292410716,3114.8285784040177,0.011863780401570528,-0.31784232515368516,0
2025-08-12,2914.4140625,3035.39990234375,3096.39990234375,3026.89990234375,3041.0,3358232,-0.0017758966053871283,3047.17138671875,3105.9095284598216,0.010852276013241282,0.7822976677290012,1
2025-08-13,2915.1826171875,3036.199951171875,3044.39990234375,3028.60009765625,3036.10009765625,2148166,0.00026357279233857334,3041.7142508370534,3095.6190476190477,0.0047769177799158805,-0.36032829179163317,0
2025-08-14,2901.83642578125,3022.300048828125,3055.89990234375,3019.10009765625,3034.0,3342174,-0.0045780589444990305,3035.771414620536,3085.5809500558034,0.004862915410430025,0.5558266912333591,0
2025-08-18,2891.178955078125,3011.199951171875,3049.0,3003.39990234375,3046.5,2945609,-0.003672731852204403,3032.7571149553573,3076.1523786272323,0.0033784576291134515,-0.11865480372954851,1
2025-08-19,2895.979736328125,3016.199951171875,3025.0,3011.10009765625,3011.199951171875,2650784,0.001660467614597927,3028.357107979911,3067.8809523809523,0.0025808284469665127,-0.10008965887869026,1
2025-08-20,2975.095458984375,3098.60009765625,3103.39990234375,3010.89990234375,3010.89990234375,4952358,0.02731919230101454,3037.242850167411,3065.0428641183034,0.011014053395132938,0.868261616186004,1
2025-08-21,2978.93603515625,3102.60009765625,3130.0,3083.10009765625,3130.0,3230726,0.0012909055295731164,3046.0714285714284,3062.3285784040177,0.011017814039610682,-0.3476388419415559,0
2025-08-22,2932.27294921875,3054.0,3095.699951171875,3050.0,3086.0,1593791,-0.015664312552869153,3048.728585379464,3056.3714308965773,0.013066437896570325,-0.5066771369654994,1
2025-08-25,3015.42138671875,3140.60009765625,3152.0,3077.10009765625,3087.300048828125,3448370,0.028356286069499026,3063.642892020089,3056.0190545944943,0.016645969164768362,1.1636274768774575,1
2025-08-26,3031.35986328125,3157.199951171875,3162.0,3120.0,3129.0,5522097,0.005285567407328662,3082.914306640625,3057.0380975632443,0.01611306760234499,0.6013644127515319,0
2025-08-28,2970.390380859375,3093.699951171875,3146.5,3086.5,3145.0,3116051,-0.02011275845118088,3094.700020926339,3057.723807198661,0.018795329119027173,-0.4357123752081863,0
2025-08-29,2961.749267578125,3084.699951171875,3115.0,3077.199951171875,3093.0,2271789,-0.0029091379713765964,3104.4857352120534,3059.0904715401784,0.01896946152884126,-0.2709397246707451,1
2025-09-01,2988.537353515625,3112.60009765625,3131.10009765625,3090.0,3090.0,1246862,0.009044687303793042,3106.4857352120534,3061.8999953497023,0.016175321805429004,-0.4511541344728758,0
2025-09-02,2987.48095703125,3111.5,3155.0,3103.10009765625,3121.10009765625,2185229,-0.00035343366373286056,3107.757149832589,3065.4571358816966,0.0161781967958519,0.7525828840721749,0
2025-09-03,2974.0390625,3097.5,3141.89990234375,3088.0,3129.89990234375,1799774,-0.004499437570303688,3113.971435546875,3069.9571358816966,0.014808991126359762,-0.17639112422542447,0
2025-09-04,2972.310791015625,3095.699951171875,3118.0,3090.800048828125,3116.0,1481391,-0.0005811295651735326,3107.55712890625,3070.9714239211307,0.009264020614514328,-0.17690165543007064,0
2025-09-05,2926.800048828125,3048.300048828125,3103.39990234375,3028.60009765625,3097.10009765625,2802055,-0.015311529893524356,3092.0,3070.2285737537204,0.009812446498610343,0.8915026485242585,0
2025-09-08,2898.668212890625,3019.0,3064.89990234375,3016.0,3050.0,2626187,-0.009611930701962534,3081.3285784040177,3069.595238095238,0.007681088736213281,-0.06276393575429462,1
2025-09-09,2927.8564453125,3049.39990234375,3060.0,3030.800048828125,3032.10009765625,2489301,0.010069527109556109,3076.285714285714,3069.709519159226,0.009243761968503524,-0.05212347787876492,1
2025-09-10,2986.041015625,3110.0,3122.699951171875,3053.39990234375,3056.39990234375,2079428,0.019872794515954917,3075.9142717633927,3073.214285714286,0.011859162722071773,-0.1646538526277055,1
2025-09-11,2999.675048828125,3124.199951171875,3139.0,3110.10009765625,3139.0,2263446,0.0045659006983520545,3077.7285505022323,3077.1857096354165,0.011983929128117639,0.08849452830297566,1
2025-09-12,3008.50830078125,3133.39990234375,3148.699951171875,3121.0,3144.0,1447167,0.0029447382740097616,3082.857107979911,3081.8523763020835,0.011780049151814244,-0.3606355088656853,0
2025-09-15,2987.865234375,3111.89990234375,3134.0,3096.0,3134.0,1732539,-0.006861556350952314,3085.17138671875,3085.4571358816966,0.012214513338037617,0.1971935512625702,1
2025-09-16,3020.318115234375,3145.699951171875,3150.0,3109.10009765625,3128.0,2573429,0.010861547571844543,3099.0856584821427,3091.333321707589,0.01031544028891523,0.4853512677059506,1
2025-09-17,3046.337890625,3172.800048828125,3182.39990234375,3142.39990234375,3152.0,2418271,0.008614965850813006,3121.0570940290177,3099.028564453125,0.008236102537590786,-0.06029231814827607,1
2025-09-18,3050.082275390625,3176.699951171875,3203.0,3161.39990234375,3185.0,2633138,0.0012291673864510688,3139.2428152901784,3106.6714215959823,0.008390606070570059,0.08885149761958022,0
2025-09-19,3042.881591796875,3169.199951171875,3180.5,3144.0,3170.0,4901694,-0.0023609406350239004,3147.699951171875,3110.0333193824404,0.006114705403538795,0.8615408687277308,0
2025-09-22,2951.283935546875,3073.800048828125,3106.89990234375,3065.0,3095.0,3634901,-0.030102203651894532,3140.4999651227677,3108.661888485863,0.013699594051985483,-0.2584398373297069,0
2025-09-23,2940.338134765625,3062.39990234375,3080.699951171875,3052.0,3070.0,3177741,-0.0037088119927388696,3130.357107979911,3109.0618838355654,0.013509476824155094,-0.12576958767240154,0
2025-09-24,2914.4140625,3035.39990234375,3057.0,3033.0,3050.0,1625714,-0.008816614701213976,3119.428536551339,3104.0523507254466,0.013617815697864355,-0.4884057574232765,0
2025-09-25,2839.52294921875,2957.39990234375,3029.60009765625,2951.0,3022.0,4974361,-0.025696778846099666,3092.5285295758927,3094.538062686012,0.014203579105323536,2.059800801370967,0
2025-09-26,2783.547119140625,2899.10009765625,2954.800048828125,2891.300048828125,2941.0,3934636,-0.019713196257732046,3053.428536551339,3085.2714029947915,0.012367750424976596,-0.2090167963282118,0
2025-09-29,2780.666748046875,2896.10009765625,2929.300048828125,2894.0,2916.0,3110035,-0.0010348038698027029,3013.342843191964,3076.290457589286,0.011964643253545635,-0.20957491366418646,0
2025-09-30,2773.2734375,2888.39990234375,2915.300048828125,2885.10009765625,2911.0,2253458,-0.0026588153215876265,2973.2285505022323,3065.6142578125,0.011920689918045464,-0.2754235884805155,1
2025-10-01,2798.044921875,2914.199951171875,2924.800048828125,2866.60009765625,2891.0,1952902,0.00893229805443152,2950.428536551339,3056.219017392113,0.011773149004299814,-0.13337546118010635,0
2025-10-03,2786.2353515625,2901.89990234375,2924.0,2891.10009765625,2924.0,2899519,-0.004220729199854278,2927.4999651227677,3046.9047270275296,0.01174703171872948,0.4847232477615364,1
2025-10-06,2869.287841796875,2988.39990234375,2993.60009765625,2895.60009765625,2902.0,2112774,0.029808057793494935,2920.7856794084823,3041.7952008928573,0.01831579870485388,-0.271336383724335,0
2025-10-07,2855.173583984375,2973.699951171875,3004.5,2955.5,2995.0,3062943,-0.004919004033009822,2923.1142578125,3038.2428152901784,0.01528390860993436,0.4497258107114155,1
2025-10-08,2906.541015625,3027.199951171875,3043.0,2968.0,2975.0,4121889,0.01799105521016564,2941.414236886161,3038.6332891555057,0.01333444308674348,0.3457282750609463,1
2025-10-09,2939.666015625,3061.699951171875,3066.0,3020.0,3034.0,3211304,0.011396670374100859,2965.071358816964,3039.2190057663693,0.01302344575844731,-0.22091448847846218,0
2025-10-10,2907.597412109375,3028.300048828125,3070.0,3006.89990234375,3050.0,8817365,-0.010908940417550084,2985.0570940290177,3035.3285319010415,0.01444905867109277,1.7457272808802902,0
2025-10-13,2887.33837890625,3007.199951171875,3035.5,2998.199951171875,3027.0,2866865,-0.006967637722825826,2998.3428083147323,3029.757103329613,0.015295507957651843,-0.6748614807258178,0
2025-10-14,2842.307861328125,2960.300048828125,3027.199951171875,2955.5,3021.0,3611416,-0.01559587094482151,3006.6856863839284,3021.5142531622023,0.016907748564921332,0.25970912477566954,1
2025-10-15,2862.063720703125,2969.800048828125,2979.699951171875,2951.0,2971.0,4282226,0.003209134156438198,3004.028564453125,3014.7475934709823,0.012206860734738837,0.18574708646137683,1
2025-10-16,2862.93115234375,2970.699951171875,2975.0,2943.10009765625,2969.89990234375,3251495,0.00030301782239683384,3003.5999930245534,3006.414260137649,0.012074006777663912,-0.24069981360161752,0
2025-10-17,2854.73974609375,2962.199951171875,2988.800048828125,2955.39990234375,2970.0,4374683,-0.002861278533581646,2994.314278738839,2996.3856840587796,0.009070743222312294,0.3454374064853245,1
2025-10-20,2905.81689453125,3015.199951171875,3023.0,2978.5,2985.5,3133039,0.017892107512537336,2987.6714215959823,2988.6952078683034,0.01093654155078758,-0.28382490799904814,0
2025-10-21,2897.62548828125,3006.699951171875,3031.800048828125,2996.0,3031.10009765625,310644,-0.00281905019157902,2984.585693359375,2980.9571126302085,0.010261157874895975,-0.9008489840056252,1
2025-10-23,2961.712890625,3073.199951171875,3098.0,3036.10009765625,3055.0,5564758,0.02211727178632561,2994.0142647879466,2980.928536551339,0.012963816271579002,16.913618160981702,0
2025-10-24,2952.075439453125,3063.199951171875,3090.0,3058.300048828125,3080.0,2684318,-0.003253937315789268,3008.7142508370534,2980.9666341145835,0.010610660230400096,-0.5176217905612428,1
2025-10-27,2972.988525390625,3084.89990234375,3094.199951171875,3060.199951171875,3066.5,1946312,0.007084079236673091,3025.1570870535716,2983.323776971726,0.01060632492377072,-0.27493240368689553,0
2025-10-28,2946.9677734375,3057.89990234375,3090.199951171875,3040.199951171875,3076.0,3470737,-0.008752309914330403,3037.6142229352677,2988.1094912574404,0.011827035247132748,0.7832377337240894,0
2025-10-29,2946.678955078125,3057.60009765625,3076.0,3046.10009765625,3057.89990234375,2895420,-9.804267538982003e-05,3051.2428152901784,2995.6571103050596,0.011595889193950729,-0.1657621997863854,0
2025-10-30,2925.187744140625,3035.300048828125,3063.800048828125,3032.800048828125,3049.10009765625,2241536,-0.007293317672647515,3054.1142578125,3002.2856794084823,0.010651515117881647,-0.2258339031988451,1
2025-10-31,2947.064208984375,3058.0,3067.39990234375,3025.10009765625,3035.0,1868085,0.0074786514699392015,3061.4428362165177,3010.3618745349704,0.010747189636527548,-0.16660495303220646,0
2025-11-03,2907.359130859375,3016.800048828125,3058.0,3010.0,3046.89990234375,2194877,-0.013472842109834904,3053.3857073102677,3015.2475934709823,0.007959723786665082,0.1749342240850924,0
2025-11-04,2881.72412109375,2990.199951171875,3029.300048828125,2976.0,3019.60009765625,2670720,-0.008817322071637768,3042.9571358816966,3019.4523577008927,0.008304394877480288,0.2167971143713292,1
2025-11-06,2901.6728515625,3010.89990234375,3024.0,2990.0,2990.10009765625,2542721,0.006922597655639295,3032.3857073102677,3020.5237862723216,0.008270539531623019,-0.047926776300023954,0
2025-11-07,2883.265869140625,2991.800048828125,3004.0,2960.5,3001.0,1830520,-0.006343569741643407,3022.94287109375,3021.385695684524,0.00805977184166588,-0.2800940409899474,1
2025-11-10,2915.4541015625,3025.199951171875,3047.89990234375,2992.0,2993.0,1556656,0.011163815027288582,3018.314278738839,3021.290457589286,0.009711167724598735,-0.14960994690033436,1
2025-11-11,2936.46337890625,3047.0,3055.699951171875,3018.0,3045.0,2806868,0.0072061513883339146,3019.9857003348216,3020.5904599144346,0.009810453214970066,0.8031395504209022,1
2025-11-12,3018.18701171875,3131.800048828125,3136.39990234375,3057.10009765625,3060.0,4460315,0.027830669126394758,3030.528564453125,3025.5190313430057,0.014217682040007378,0.5890718765542233,0
2025-11-13,2993.03369140625,3105.699951171875,3131.89990234375,3102.0,3131.800048828125,1740435,-0.008333896560866472,3043.2285505022323,3030.2095075334823,0.013298254094558185,-0.6097954965064127,1
2025-11-14,2993.322998046875,3106.0,3113.10009765625,3077.300048828125,3090.0,2210794,9.661230409974131e-05,3059.771414620536,3037.1476004464284,0.012223716710073638,0.2702537009425805,0
2025-11-17,2989.66064453125,3102.199951171875,3123.5,3086.60009765625,3106.0,2232853,-0.0012234542266983395,3072.814278738839,3043.4523577008927,0.01245201089356387,0.009977863156856781,0
2025-11-18,2975.108642578125,3087.10009765625,3105.0,3078.0,3102.0,2548350,-0.004867466234702578,3086.4285714285716,3048.9952218191966,0.012251775851271818,0.14129770298358202,1
2025-11-19,3033.51025390625,3147.699951171875,3155.0,3083.5,3097.0,3151053,0.019630025460344758,3103.9285714285716,3057.8285551525296,0.013379131126008933,0.23650715168638525,0
2025-11-20,3030.715576171875,3144.800048828125,3164.5,3138.10009765625,3148.0,2700767,-0.0009212766110919812,3117.9000069754466,3063.9999883742557,0.013584070621349397,-0.14290016702353148,1
2025-11-21,3036.30517578125,3150.60009765625,3170.0,3135.199951171875,3144.800048828125,4177037,0.0018443299217978382,3120.5857282366073,3070.8523763020835,0.00893219697756322,0.5466113885425881,0
2025-11-24,3027.24609375,3141.199951171875,3178.89990234375,3131.0,3158.0,6703764,-0.002983605088874297,3125.657156808036,3074.0904715401784,0.008211251096095584,0.6049089342517195,0
2025-11-25,3006.04443359375,3119.199951171875,3149.800048828125,3115.0,3145.300048828125,2737920,-0.0070036929651016155,3127.5428641183034,3076.7571382068454,0.008849390378191949,-0.5915846679566883,1
2025-11-26,3048.15869140625,3162.89990234375,3178.0,3117.0,3118.800048828125,2508527,0.014009987130019441,3136.214285714286,3080.4714239211307,0.010099716330986871,-0.08378367519869101,0
2025-11-27,3022.81298828125,3136.60009765625,3180.0,3125.0,3180.0,2836233,-0.008315092320187456,3143.285714285714,3084.2190522693454,0.010608090636142136,0.1306368239209703,1
2025-11-28,3023.68017578125,3137.5,3147.300048828125,3125.0,3140.0,1616690,0.0002869037542982955,3141.8285784040177,3088.0238095238096,0.007375063591575157,-0.4299868875370959,0
2025-12-01,3019.72900390625,3133.39990234375,3154.0,3122.199951171875,3137.89990234375,1747647,-0.001306804033864517,3140.1999860491073,3092.6952311197915,0.007380690995550875,0.08100316077912284,1
2025-12-02,3021.94580078125,3135.699951171875,3144.0,3120.39990234375,3131.0,2512003,0.0007340425415871543,3138.0713936941966,3096.3952287946427,0.007333810171368274,0.43736292283281464,1
2025-12-03,3064.638427734375,3180.0,3211.89990234375,3139.0,3140.0,3952112,0.014127642796808226,3143.6142578125,3104.1666550409227,0.009073330704422802,0.5732911147001019,1
2025-12-04,3112.0537109375,3229.199951171875,3250.0,3187.39990234375,3194.0,5025905,0.015471682758451344,3159.328543526786,3115.547607421875,0.009413013959295065,0.271701055030829,1
2025-12-05,3120.727294921875,3238.199951171875,3271.60009765625,3222.39990234375,3230.0,5244013,0.0027870680466020037,3170.085693359375,3126.3714192708335,0.00853795047220375,0.043396761379293824,0
2025-12-08,3119.0888671875,3236.5,3259.89990234375,3208.60009765625,3243.0,2544725,-0.0005249679443851685,3184.357107979911,3138.0237978980654,0.007151975717109213,-0.5147370916128545,0
2025-12-09,3091.911865234375,3208.300048828125,3233.699951171875,3181.199951171875,3230.0,2734893,-0.008713100933686047,3194.4714006696427,3146.742850167411,0.008682964866518775,0.0747302753735668,0
2025-12-10,3073.504638671875,3189.199951171875,3225.0,3178.10009765625,3225.0,1386849,-0.005953338953825882,3202.4428362165177,3153.5142764136904,0.009246479982895305,-0.49290557253976663,1
2025-12-11,3076.10693359375,3191.89990234375,3208.39990234375,3153.10009765625,3205.0,1914362,0.000846592002136104,3210.4714006696427,3156.376174200149,0.009242870214590018,0.38036801410968324,1
2025-12-12,3103.669189453125,3220.5,3223.0,3185.699951171875,3197.699951171875,1146554,0.008960211325940826,3216.2571149553573,3161.842843191964,0.00832767595968278,-0.4010777480957102,1
2025-12-15,3113.017333984375,3230.199951171875,3238.199951171875,3197.300048828125,3211.10009765625,1562190,0.003011939503764882,3216.399972098214,3167.757126581101,0.005908370671851769,0.3625088744184748,0
2025-12-16,3088.827880859375,3205.10009765625,3220.0,3191.10009765625,3220.0,1734623,-0.007770371461531034,3211.6714215959823,3172.6571335565477,0.006421204566442608,0.11037901919740878,1
2025-12-17,3101.067138671875,3217.800048828125,3236.89990234375,3200.5,3200.5,1376350,0.0039624195141867435,3209.0,3178.8809407552085,0.006744679599849946,-0.206542286133644,1
2025-12-18,3161.78173828125,3280.800048828125,3287.800048828125,3221.0,3228.0,2307422,0.019578593773389885,3219.3571428571427,3185.219040643601,0.009235062284013058,0.6764790932538962,1
2025-12-19,3162.938232421875,3282.0,3317.89990234375,3278.800048828125,3299.0,3902511,0.00036574955925883224,3232.6142926897323,3191.752371651786,0.008464012374857798,0.6912862059909284,1
2025-12-22,3204.281982421875,3324.89990234375,3328.60009765625,3291.0,3310.0,2632816,0.013071268233927569,3251.6142926897323,3200.0523623511904,0.008920911209240294,-0.32535334301427976,0
2025-12-23,3189.922607421875,3310.0,3319.89990234375,3293.5,3319.89990234375,2365420,-0.004481308545032259,3264.4000069754466,3208.0904599144346,0.009571053563252125,-0.10156273738840849,1
2025-12-24,3198.595947265625,3319.0,3327.10009765625,3296.10009765625,3304.10009765625,1367708,0.002719033232628343,3277.0857282366073,3217.6047479538693,0.009576541234289072,-0.42179063337589096,0
2025-12-26,3161.010986328125,3280.0,3320.0,3271.800048828125,3313.10009765625,1176664,-0.011750527267249122,3287.785714285714,3223.1809430803573,0.010463464400000351,-0.13968186191789478,0
2025-12-29,3133.544677734375,3251.5,3288.0,3242.89990234375,3280.0,2079473,-0.008689024390243882,3292.5999930245534,3228.652367001488,0.011391934606119135,0.7672615122073931,0
2025-12-30,3129.01513671875,3246.800048828125,3267.5,3239.5,3250.0,2807593,-0.0014454716813393498,3287.742850167411,3233.857131231399,0.008157181750594924,0.3501464072868463,0
2025-12-31,3089.887939453125,3206.199951171875,3246.0,3198.5,3240.0,3362634,-0.012504649823109282,3276.9142717633927,3237.323800223214,0.009076163560147793,0.19769282798468302,1
2026-01-01,3110.31884765625,3227.39990234375,3234.10009765625,3198.199951171875,3215.0,1255735,0.006612173755453421,3262.9857003348216,3241.6904645647323,0.007286619044823223,-0.6265620938823553,1
2026-01-02,3132.7734375,3250.699951171875,3254.300048828125,3219.5,3234.0,1184324,0.007219448947496154,3254.5142647879466,3245.05712890625,0.008463673483429393,-0.05686789012012883,0
2026-01-05,3099.428955078125,3216.10009765625,3247.0,3191.0,3240.5,2341703,-0.010643816419645846,3239.814278738839,3244.433326357887,0.008583727869398896,0.9772486245318004,1
2026-01-06,3137.688720703125,3255.800048828125,3263.199951171875,3205.0,3210.0,2912325,0.012344127970645768,3236.3571428571427,3245.2714262462796,0.00990158525450624,0.24367821196795658,1
2026-01-07,3176.044921875,3295.60009765625,3300.60009765625,3223.199951171875,3242.89990234375,1989442,0.012224352918248194,3242.657156808036,3248.085716610863,0.010345450191549714,-0.31688874009597146,0
2026-01-08,3087.671630859375,3203.89990234375,3286.89990234375,3182.0,3286.89990234375,4159336,-0.02782503719966356,3236.528564453125,3247.8761858258927,0.015378334512643302,1.0907048308018026,1
2026-01-09,3091.43017578125,3207.800048828125,3229.699951171875,3191.0,3191.0,1938673,0.0012173122142555837,3236.757149832589,3248.7619047619046,0.01464280540189,-0.5338984395586219,1
2026-01-12,3122.076416015625,3239.60009765625,3252.0,3174.300048828125,3203.0,2228342,0.009913351313696195,3238.5000348772323,3251.0333426339284,0.014935327535070908,0.14941612123344172,1
2026-01-13,3149.4462890625,3268.0,3280.0,3210.5,3245.0,5645341,0.008766483975690909,3240.9714704241073,3253.2952473958335,0.015059914329583911,1.5334266463585933,0
2026-01-14,3076.68505859375,3192.5,3260.0,3183.0,3260.0,3539511,-0.023102815177478586,3237.600027901786,3251.5000116257443,0.017226079674992508,-0.3730208680042534,0
2026-01-15,3076.68505859375,3192.5,3192.5,3192.5,3192.5,0,0.0,3228.5571637834823,3250.9000069754466,0.01624545905650667,-1.0,1
2026-01-16,3146.54931640625,3206.699951171875,3221.89990234375,3171.0,3219.39990234375,4293470,0.004447909529169847,3215.8571428571427,3250.3714308965773,0.015293871327845756,inf,0
2026-01-19,3104.258056640625,3163.60009765625,3220.0,3152.10009765625,3188.0,3387562,-0.013440563249416115,3210.100027901786,3244.790480840774,0.01217595531469703,-0.21099669963921952,0
2026-01-20,3044.10791015625,3102.300048828125,3160.0,3091.10009765625,3151.60009765625,4499273,-0.019376674338055233,3195.0285993303573,3236.2333403087796,0.013730347417556583,0.3281743625651723,1
2026-01-21,3064.027099609375,3122.60009765625,3138.5,3082.0,3100.0,2015150,0.006543547854371168,3178.3143136160716,3226.6000162760415,0.013181321594980897,-0.5521165308262024,1
2026-01-22,3091.305419921875,3150.39990234375,3160.0,3122.300048828125,3150.0,2269827,0.008902774552644654,3161.5142996651784,3219.0000116257443,0.013205409828119097,0.12638116269260347,1
2026-01-23,3103.178466796875,3162.5,3194.5,3152.0,3190.300048828125,2068857,0.00384081324001051,3157.228585379464,3211.547630673363,0.010808435456282987,-0.08853978739348856,0
2026-01-27,3098.762939453125,3158.0,3175.0,3130.0,3175.0,4279874,-0.0014229249011857847,3152.3000139508927,3205.738106863839,0.01079333719818724,1.0687142707301667,1
2026-01-28,3140.073486328125,3200.10009765625,3205.199951171875,3170.60009765625,3176.0,2751234,0.013331253216038563,3151.357177734375,3203.2904924665177,0.012057534300048514,-0.3571693933045692,0
2026-01-29,3085.41796875,3144.39990234375,3200.10009765625,3125.60009765625,3200.10009765625,2457641,-0.01740576657376902,3148.6142926897323,3198.4142950148807,0.012848692010356409,-0.1067132057832958,0
2026-01-30,3065.302734375,3123.89990234375,3141.0,3092.0,3141.0,3022068,-0.00651952698024183,3151.6999860491073,3194.4952450706846,0.010444220578882715,0.22966210280508825,1
2026-02-02,3110.1455078125,3169.60009765625,3198.0,3134.0,3198.0,2636272,0.014629212439941641,3158.4142717633927,3191.742873418899,0.011543765378789055,-0.12765960262972242,1
2026-02-03,3164.80078125,3225.300048828125,3350.0,3186.300048828125,3350.0,4366060,0.01757317940930858,3169.1142926897323,3190.5333542596727,0.01278233523339085,0.6561492896028938,0
2026-02-04,2942.84375,2999.10009765625,3120.0,2986.0,3120.0,10852595,-0.07013299468186285,3145.7714494977677,3180.200020926339,0.03057854689575622,1.4856724369339864,0
2026-02-05,2935.38623046875,2991.5,3029.699951171875,2972.300048828125,2990.0,3521545,-0.002534126040737772,3121.9857352120534,3167.614304315476,0.030546817101073757,-0.6755112486921331,0
2026-02-06,2886.422119140625,2941.60009765625,2985.0,2916.0,2976.60009765625,4687389,-0.01668056237464488,3085.0571637834823,3150.7571614583335,0.02924800669043505,0.33106037264893673,1
2026-02-09,2892.8984375,2948.199951171875,2977.0,2937.5,2959.10009765625,2380318,0.0022436270385235435,3057.0285993303573,3138.5809733072915,0.029537351923786963,-0.49218680165012973,1
2026-02-10,2928.61572265625,2984.60009765625,3011.60009765625,2943.5,2949.800048828125,3547763,0.012346566409074944,3037.1286272321427,3127.9524042038693,0.030618340804795,0.4904575775169535,0
2026-02-11,2855.21875,2909.800048828125,2998.0,2904.199951171875,2980.0,3363513,-0.02506200039558537,3000.014334542411,3112.2476399739585,0.029808670885733995,-0.051934134269961074,0
2026-02-12,2698.514404296875,2750.10009765625,2880.0,2740.0,2869.800048828125,10612156,-0.054883479446016126,2932.1286272321427,3087.585739862351,0.03050155840420119,2.155081012025225,0
2026-02-13,2641.700439453125,2692.199951171875,2713.0,2585.0,2585.0,11168735,-0.021053832380035886,2888.2857491629466,3063.7619280133927,0.022105537585513348,0.05244730665474573,1
2026-02-16,2655.830322265625,2706.60009765625,2719.800048828125,2671.0,2700.0,2918730,0.0053488398876564425,2847.585763113839,3040.6238374255954,0.023033069347560158,-0.7386695986609048,1
2026-02-17,2666.427490234375,2717.39990234375,2760.0,2695.199951171875,2716.0,4209118,0.003990173759637505,2815.5571637834823,3017.3238351004466,0.023934020981583655,0.4421059844521418,0
2026-02-18,2644.349609375,2694.89990234375,2730.0,2657.300048828125,2730.0,2950820,-0.008279973801645357,2779.3714425223216,2995.0047781808034,0.023284463265117863,-0.2989457648847098,0
2026-02-19,2627.66845703125,2677.89990234375,2748.699951171875,2666.60009765625,2708.0,3238849,-0.006308212036081562,2735.55712890625,2974.7952473958335,0.020911599301765768,0.09760981693224258,1
2026-02-20,2635.81298828125,2686.199951171875,2702.60009765625,2647.5,2667.0,2293482,0.0030994619406277124,2703.6142578125,2954.0142880394346,0.02139652086296905,-0.29188362902994247,0
2026-02-23,2626.0986328125,2676.300048828125,2704.0,2660.199951171875,2686.0,4699596,-0.0036854673977010366,2693.0713936941966,2931.4381045386904,0.009274048590581464,1.0491096071388397,0
2026-02-24,2525.423095703125,2573.699951171875,2647.5,2561.300048828125,2641.0,7798833,-0.038336545149777024,2676.142822265625,2903.4000069754466,0.015094307239155173,0.6594688139150684,1
2026-02-25,2579.980224609375,2629.300048828125,2654.199951171875,2595.0,2596.0,3621285,0.02160317780281029,2665.0999581473216,2878.2238188244046,0.018131511507354595,-0.5356632203818187,1
2026-02-26,2598.03515625,2647.699951171875,2671.0,2635.0,2650.0,3464267,0.006998023048738977,2655.142822265625,2851.9190499441966,0.01838595678878613,-0.04335974660928377,0
2026-02-27,2587.92822265625,2637.39990234375,2688.60009765625,2626.10009765625,2681.60009765625,5083717,-0.0038901873392286346,2646.928536551339,2827.776192801339,0.018272590124717172,0.46747262840883796,0
2026-03-02,2564.4765625,2613.5,2623.800048828125,2580.300048828125,2592.0,3374385,-0.009061918263707835,2637.7285505022323,2803.471435546875,0.01838669112307241,-0.3362366551875331,0
2026-03-04,2539.2587890625,2587.800048828125,2635.0,2580.39990234375,2625.0,3446434,-0.009833537850344354,2623.6714215959823,2775.766671316964,0.01828305628905703,0.02135174261383921,0
2026-03-05,2530.427490234375,2578.800048828125,2609.5,2546.39990234375,2600.0,2960636,-0.0034778575740717077,2609.742850167411,2744.98095703125,0.018286038441122962,-0.14095671061740922,0
2026-03-06,2509.625244140625,2557.60009765625,2619.199951171875,2553.60009765625,2572.0,3998643,-0.008220858837624467,2607.44287109375,2723.9571475074404,0.011433528977985342,0.3506027083369925,0
2026-03-09,2479.99169921875,2527.39990234375,2560.0,2505.0,2530.0,3653428,-0.011808020863064206,2592.8857073102677,2701.8571428571427,0.00634365832301666,-0.08633303848330542,0
2026-03-10,2465.9599609375,2513.10009765625,2545.199951171875,2490.10009765625,2541.0,4323710,-0.005657911387208392,2573.657156808036,2681.4523809523807,0.0031496605104224676,0.18346659630352646,0
2026-03-11,2418.6640625,2464.89990234375,2521.0,2460.10009765625,2508.10009765625,2720664,-0.019179576395485398,2549.0142996651784,2658.4380929129466,0.005031736079611093,-0.37075705817457694,0
2026-03-12,2396.5859375,2442.39990234375,2472.89990234375,2436.0,2459.800048828125,2752075,-0.00912815971902381,2524.5714285714284,2632.6190359933034,0.005030605187032109,0.011545343342654668,0
2026-03-13,2365.284423828125,2410.5,2445.89990234375,2397.0,2437.0,2466488,-0.013060884220122415,2499.242850167411,2608.842843191964,0.005199029932431492,-0.10377151785470962,0
2026-03-16,2364.0087890625,2409.199951171875,2425.0,2366.10009765625,2410.0,3807907,-0.0005393274541070081,2475.0142647879466,2592.6095028831846,0.005892928149053675,0.5438579064645763,0
2026-03-17,2346.837158203125,2391.699951171875,2420.0,2360.0,2420.0,2993367,-0.007263822162825395,2451.3142438616073,2578.299979073661,0.005942676178631509,-0.21390753503171167,1
2026-03-18,2395.01611328125,2440.800048828125,2482.89990234375,2410.0,2410.0,3082388,0.020529371852097134,2438.9428362165177,2565.6428338913693,0.012650521534820217,0.029739420525448423,0
2026-03-19,2311.806640625,2356.0,2424.0,2350.199951171875,2417.0,2757060,-0.03474272661901945,2416.4999651227677,2548.4333147321427,0.016977332248251945,-0.10554414304753323,1
2026-03-20,2345.7578125,2390.60009765625,2407.800048828125,2364.199951171875,2386.0,4206320,0.01468594976920623,2405.8857073102677,2533.942847842262,0.01837873133959797,0.5256541388290425,0
2026-03-23,2339.085205078125,2383.800048828125,2406.800048828125,2348.0,2365.0,3860515,-0.0028444944994320265,2397.5142996651784,2519.9380929129466,0.01825190088078615,-0.08221081610528913,1
2026-03-24,2353.803955078125,2398.800048828125,2435.39990234375,2379.10009765625,2404.10009765625,3420182,0.006292474071964982,2395.8428780691966,2506.2523832775296,0.01799433319813027,-0.11406068879411169,0
2026-03-25,2332.80517578125,2377.39990234375,2421.60009765625,2369.800048828125,2400.89990234375,5843778,-0.008921188114378031,2391.3000139508927,2492.01904296875,0.01826991295431687,0.7086160911904689,1
2026-03-27,2344.97265625,2389.800048828125,2422.10009765625,2385.0,2403.89990234375,4979411,0.005215843776282814,2391.0285993303573,2483.2619047619046,0.018251308934984608,-0.14791236080494508,0
2026-03-30,2314.652099609375,2358.89990234375,2398.0,2346.199951171875,2375.10009765625,6804756,-0.012930013328741552,2379.3285784040177,2470.3857073102677,0.016260978055627453,0.3665784969346777,1
2026-04-01,2363.02734375,2408.199951171875,2472.0,2397.89990234375,2429.0,4132661,0.02089959339908476,2386.785714285714,2458.9809454055057,0.012264217023329818,-0.39268050169616664,1
2026-04-02,2404.730224609375,2450.699951171875,2469.89990234375,2375.699951171875,2386.0,5378361,0.017648036235246467,2395.371407645089,2450.0904715401784,0.012767360434093692,0.3014280629357211,1
2026-04-06,2427.4951171875,2473.89990234375,2482.0,2448.199951171875,2474.0,2572417,0.009466663252994723,2408.2428152901784,2443.442847842262,0.012574467623382267,-0.5217098666303731,1
2026-04-07,2492.1591796875,2539.800048828125,2543.89990234375,2448.0,2461.0,4516550,0.026638162046064062,2428.385672433036,2441.1571335565477,0.014947567524714312,0.7557612160081355,1
2026-04-08,2511.195068359375,2559.199951171875,2580.300048828125,2540.10009765625,2572.0,4769337,0.007638358126932587,2454.357107979911,2440.2237955729165,0.012946461905816041,0.055969047170960184,1
2026-04-09,2540.436279296875,2589.0,2605.0,2531.10009765625,2554.0,5628261,0.01164428313406285,2482.8142438616073,2441.7190290178573,0.012722495279350416,0.18009295631656985,0
2026-04-10,2476.94970703125,2524.300048828125,2565.800048828125,2501.10009765625,2565.800048828125,10480239,-0.024990324902230632,2506.4428362165177,2441.5714169456846,0.01676728591874207,0.8620740935788158,0
2026-04-13,2426.2197265625,2472.60009765625,2504.89990234375,2470.0,2489.89990234375,3739587,-0.020480905665662075,2515.6428571428573,2439.642845517113,0.019322003661608668,-0.6431773168531748,1
2026-04-15,2506.975830078125,2554.89990234375,2559.0,2493.39990234375,2501.89990234375,5261384,0.033284721118271854,2530.528564453125,2443.9285598028273,0.02190274793472068,0.4069425313543982,1
2026-04-16,2528.56298828125,2576.89990234375,2594.0,2558.0,2572.0,3905403,0.008610904865516744,2545.242850167411,2450.333321707589,0.02188367082271556,-0.2577232530452064,1
2026-04-17,2533.07666015625,2581.5,2589.0,2555.89990234375,2570.0,2718206,0.001785128577197037,2551.1999860491073,2458.4761788504466,0.019914039736276746,-0.3039883464011268,0
2026-04-20,2531.212646484375,2579.60009765625,2594.0,2561.199951171875,2587.10009765625,2288558,-0.0007359683686809504,2554.1142926897323,2466.5904715401784,0.019805072645998772,-0.1580630754254828,1
2026-04-21,2561.532958984375,2610.5,2614.0,2560.0,2560.0,2719959,0.011978563022936983,2557.185721261161,2477.009521484375,0.019834545884689532,0.18850341568795725,0
2026-04-22,2490.883544921875,2538.5,2580.0,2503.60009765625,2580.0,5232045,-0.02758092319479022,2559.214285714286,2481.6619001116073,0.02042336769908625,0.9235749509459517,0
2026-04-23,2474.496826171875,2521.800048828125,2559.5,2516.300048828125,2529.0,2509050,-0.00657866896666337,2566.242850167411,2489.5571405319943,0.018581488738621747,-0.520445638368936,0
2026-04-24,2351.939453125,2396.89990234375,2505.0,2388.800048828125,2488.0,5107719,-0.049528171966852,2543.6714215959823,2489.857131231399,0.022092134363668563,1.0357182997548873,1
2026-04-27,2401.6884765625,2447.60009765625,2459.0,2396.89990234375,2396.89990234375,5853425,0.02115240409619279,2525.200020926339,2492.8952287946427,0.024157541278897597,0.1459958936660377,0
2026-04-28,2398.8427734375,2444.699951171875,2487.0,2427.39990234375,2444.0,4508363,-0.0011848939241144718,2505.657156808036,2495.0809384300596,0.024001620991756623,-0.22979059268718738,1
2026-04-29,2428.280029296875,2474.699951171875,2487.89990234375,2447.60009765625,2451.0,2835961,0.012271444594098124,2490.6714215959823,2499.7142740885415,0.025091071894573068,-0.3709554887217378,0
2026-04-30,2427.4951171875,2473.89990234375,2491.0,2438.0,2479.0,3970446,-0.0003232912449633307,2471.1571219308034,2503.7190290178573,0.02406117159159646,0.4000354729842899,0
2026-05-01,2427.4951171875,2473.89990234375,2473.89990234375,2473.89990234375,2473.89990234375,0,0.0,2461.928536551339,2509.1952194940477,0.022406241242473913,-1.0,0
2026-05-04,2385.6943359375,2431.300048828125,2498.300048828125,2425.0,2494.0,2632358,-0.017219715913027178,2448.9999651227677,2510.2952241443454,0.023006351340423066,inf,0
2026-05-05,2381.76953125,2427.300048828125,2460.39990234375,2412.199951171875,2430.0,3385720,-0.0016452103482365033,2453.342843191964,2509.1809430803573,0.012072107645001147,0.2861928354729866,1
2026-05-06,2389.71728515625,2435.39990234375,2471.0,2406.5,2441.89990234375,3147628,0.0033369807410235097,2451.5999581473216,2507.347609747024,0.008748470730373324,-0.07032241295795283,0
2026-05-07,2356.35498046875,2401.39990234375,2439.699951171875,2398.0,2438.199951171875,5829594,-0.013960746227869802,2445.414236886161,2500.757126581101,0.010099530944673397,0.8520593920247246,0
2026-05-08,2349.486083984375,2394.39990234375,2407.0,2375.10009765625,2398.0,3792199,-0.0029149663882171994,2433.942801339286,2492.9095052083335,0.007755182707237568,-0.34949174848196973,0
2026-05-11,2348.014404296875,2392.89990234375,2415.0,2371.0,2371.0,1975188,-0.0006264617696198904,2422.3713727678573,2483.5714053199404,0.007727625189929103,-0.4791444225368975,0
2026-05-12,2257.151611328125,2300.300048828125,2375.0,2283.0,2375.0,6347884,-0.03869775473053727,2397.5713936941966,2472.904738653274,0.014587008566513739,2.2138125586020165,0
2026-05-13,2230.167236328125,2272.800048828125,2309.199951171875,2269.0,2306.0,3171843,-0.01195496214244296,2374.928536551339,2463.390450613839,0.014300477418908619,-0.5003306613668429,0
2026-05-14,2203.8701171875,2246.0,2265.0,2206.39990234375,2265.0,5633313,-0.011791643898434123,2349.0285295758927,2448.680931454613,0.013880295329068704,0.7760377799279472,1
2026-05-15,2221.532470703125,2264.0,2304.89990234375,2252.0,2252.0,3410637,0.00801424755120217,2324.5428292410716,2433.780936104911,0.014766635513859396,-0.3945592939714161,1
2026-05-18,2240.3720703125,2283.199951171875,2292.89990234375,2252.199951171875,2264.0,3773336,0.008480543803831786,2307.6571219308034,2419.576171875,0.01619984090154301,0.10634347777262732,1
2026-05-19,2283.448974609375,2327.10009765625,2377.60009765625,2297.10009765625,2300.0,10394707,0.01922746470883685,2298.0428641183034,2407.5523623511904,0.01905634929998906,1.7547790602268125,1
2026-05-20,2283.7431640625,2327.39990234375,2342.0,2317.800048828125,2323.89990234375,2537422,0.00012883188299550596,2288.685721261161,2394.0714053199404,0.01908014286595839,-0.7558928789431005,0
2026-05-21,2283.546875,2327.199951171875,2335.89990234375,2314.0,2331.0,3299087,-8.591182446715528e-05,2292.528564453125,2384.009498232887,0.011307784955612497,0.3001727737837854,0
2026-05-22,2273.83251953125,2317.300048828125,2340.0,2308.10009765625,2331.10009765625,2617262,-0.004253997314998537,2298.8857073102677,2374.2714029947915,0.010061933933654657,-0.20667081528919973,0
2026-05-25,2295.61328125,2308.199951171875,2326.10009765625,2293.0,2325.0,3298364,-0.003927026049497573,2307.771414620536,2370.0475957961307,0.008472379291944585,0.26023455045769195,0
2026-05-26,2263.78759765625,2276.199951171875,2327.89990234375,2272.39990234375,2308.199951171875,3587597,-0.01386361696427274,2309.5142647879466,2361.8856840587796,0.010509560947404156,0.0876898365371439,1
2026-05-27,2271.744140625,2284.199951171875,2295.60009765625,2260.89990234375,2275.0,2653950,0.00351462972129557,2309.6571219308034,2354.2428269159227,0.010064058111956625,-0.26024299830778097,0
2026-05-28,2271.744140625,2284.199951171875,2284.199951171875,2284.199951171875,2284.199951171875,0,0.0,2303.5285295758927,2345.1713983444943,0.00561649145188071,-1.0,0
2026-05-29,2246.58203125,2258.89990234375,2334.0,2235.0,2291.0,16331582,-0.011076109521473865,2293.7428152901784,2334.933303106399,0.006255835349049702,inf,1
2026-06-01,2284.8720703125,2297.39990234375,2335.0,2280.0,2284.0,7505095,0.0170436945701109,2289.485665457589,2326.528541201637,0.010236318651312118,-0.5404551132890861,1
2026-06-02,2433.556884765625,2446.89990234375,2457.39990234375,2316.199951171875,2320.0,11306127,0.0650735641833553,2307.999930245536,2327.2713913690477,0.02710284334696468,0.5064602113630807,0
2026-06-03,2229.475830078125,2241.699951171875,2393.0,2224.800048828125,2393.0,15660062,-0.0838611955378008,2298.499930245536,2318.4332914806546,0.04436271481486251,0.38509517892378176,0
2026-06-04,2228.77978515625,2241.0,2253.10009765625,2216.60009765625,2241.699951171875,4867263,-0.00031224123973816464,2293.471365792411,2309.1761532738096,0.04412042709871335,-0.6891926098376877,0
2026-06-05,2186.9091796875,2198.89990234375,2271.800048828125,2192.0,2262.89990234375,5019717,-0.018786299712739818,2281.28564453125,2299.5332961309523,0.04451201492236567,0.03132232632590437,0
2026-06-08,2139.668212890625,2151.39990234375,2177.0,2143.300048828125,2170.0,6536734,-0.02160171090524443,2262.314208984375,2287.961867559524,0.044890403348743724,0.3022116585456909,0
2026-06-09,2139.2705078125,2151.0,2174.0,2132.800048828125,2174.0,4148655,-0.000185880060380339,2246.8999372209823,2276.442824590774,0.044940386211952454,-0.36533213681327714,1
2026-06-10,2142.154541015625,2153.89990234375,2180.800048828125,2144.800048828125,2151.300048828125,2848650,0.001348164734425783,2226.3999372209823,2269.471389043899,0.04397498385677293,-0.31335577434132267,0
2026-06-11,2123.95458984375,2135.60009765625,2154.60009765625,2110.0,2127.0,3079815,-0.008496125872695992,2181.928536551339,2262.938058035714,0.03011422014410119,0.08114896529935223,1
2026-06-12,2149.61376953125,2161.39990234375,2168.0,2138.0,2150.0,2124656,0.012080822020852366,2170.457101004464,2258.9094819568454,0.011937172001127296,-0.3101351866914084,1
2026-06-15,2150.21044921875,2162.0,2192.0,2159.300048828125,2192.0,3337083,0.00027764304773003623,2159.17138671875,2254.0523390997023,0.011978910912716254,0.5706462599121929,1
2026-06-16,2187.0087890625,2199.0,2209.0,2160.60009765625,2167.0,3079898,0.017113783533765137,2159.1856863839284,2250.0428176153273,0.012777153781976806,-0.07706880530091698,1
2026-06-17,2210.8779296875,2223.0,2231.0,2200.699951171875,2209.0,2865010,0.01091405184174632,2169.4142717633927,2245.085670107887,0.008906844538012649,-0.06977114177157817,0
2026-06-18,2191.285400390625,2203.300048828125,2214.0,2182.0,2209.0,3735188,-0.008861876370614086,2176.8857073102677,2239.1761532738096,0.010211664864774964,0.303725990485199,0
2026-06-19,2113.412353515625,2125.0,2138.0,2059.89990234375,2105.0,13286502,-0.03553762406067695,2172.757149832589,2229.547584170387,0.0180245501316893,2.557117339207558,1
2026-06-22,2116.197021484375,2127.800048828125,2157.0,2121.0,2132.199951171875,4566101,0.001317670036764751,2171.6428571428573,2220.5237746465773,0.017795951359397502,-0.656335354482316,0
2026-06-23,2048.368896484375,2059.60009765625,2114.0,2055.0,2111.0,6392736,-0.0320518608923972,2157.100027901786,2208.6856863839284,0.02028677742279416,0.40004261841777033,1
2026-06-24,2097.49951171875,2109.0,2120.699951171875,2061.0,2061.0,4747277,0.023985191299983555,2149.5285993303573,2200.7237839471727,0.023386016784893642,-0.2573951122023497,0
2026-06-25,2083.27734375,2094.699951171875,2148.5,2088.0,2133.60009765625,4738903,-0.006780487827465653,2134.628592354911,2191.699974423363,0.021583645556071656,-0.0017639585808875147,0
2026-06-26,2083.27734375,2094.699951171875,2094.699951171875,2094.699951171875,2094.699951171875,0,0.0,2116.3000139508927,2182.6761648995534,0.020462904074415655,-1.0,1
2026-06-29,2086.4599609375,2097.89990234375,2105.0,2071.0,2090.0,3412470,0.00152764178472653,2101.242850167411,2175.009498232887,0.020787502497038535,inf,0
2026-06-30,2020.422119140625,2031.5,2104.300048828125,2018.800048828125,2090.0,6848411,-0.03165065324116212,2087.8857073102677,2162.3475981212796,0.01992569490347785,1.0068780091839633,0
2026-07-01,1971.788818359375,1982.5999755859375,2052.0,1976.800048828125,2039.9000244140625,4658295,-0.024070895601310593,2067.142839704241,2140.238077799479,0.02062013216785354,-0.3197991475686842,1
2026-07-02,2056.82275390625,2068.10009765625,2076.89990234375,2002.5,2008.0,6040621,0.043125251247440266,2068.3571254185267,2131.971418108259,0.026010185637070738,0.29674505371600546,1
2026-07-03,2082.083984375,2093.5,2116.60009765625,2085.0,2100.0,4028819,0.012281756754682904,2066.142839704241,2124.9476085844494,0.02461598885352223,-0.33304555938867875,0
2026-07-06,2046.3798828125,2057.60009765625,2093.0,2050.60009765625,2090.0,2567386,-0.017148269569500885,2060.84286063058,2118.2190464564733,0.02533746202566589,-0.3627447646568387,1
2026-07-07,2084.669921875,2096.10009765625,2122.699951171875,2049.0,2050.0,4769048,0.018711118863113496,2061.04288155692,2115.585722423735,0.026574432181830084,0.8575500528553166,0
2026-07-08,2046.2803955078125,2057.5,2109.699951171875,2048.800048828125,2094.0,3666985,-0.018415197680402118,2055.271466936384,2111.133341471354,0.027486327012296013,-0.23108658164061258,0
2026-07-09,2038.323974609375,2049.5,2065.0,2016.0,2057.5,3791498,-0.003888213851761857,2057.8428955078125,2106.1619175502233,0.02440083924560684,0.03395514298531355,1
2026-07-10,2057.717529296875,2069.0,2133.300048828125,2064.60009765625,2105.199951171875,6714551,0.009514515735545181,2070.1857561383927,2102.990484328497,0.02168221480629289,0.7709493714621503,1
2026-07-13,2169.604248046875,2181.5,2204.89990234375,2065.10009765625,2075.0,12382622,0.054374093765103826,2086.3857421875,2103.9476318359375,0.025024631705134165,0.8441474344300908,1
2026-07-14,2188.60009765625,2200.60009765625,2228.0,2179.0,2182.89990234375,9546290,0.008755488267820244,2101.6857561383927,2105.78573172433,0.024957562751446265,-0.2290574645660669,0
2026-07-15,2189.199951171875,2189.199951171875,2202.89990234375,2145.39990234375,2174.10009765625,5426489,-0.005180471679755327,2120.4857352120534,2105.319062732515,0.023352784144995097,-0.43156042818728535,1
2026-07-16,2201.0,2201.0,2231.39990234375,2187.800048828125,2206.0,5197595,0.0053901192633447614,2135.471435546875,2104.271443684896,0.022981177104733064,-0.04218086501234963,1
2026-07-17,2269.0,2269.0,2275.0,2215.10009765625,2224.800048828125,5615138,0.030895047705588263,2165.685721261161,2107.4000127883182,0.02130981290102802,0.08033388519113172,0
2026-07-20,2251.10009765625,2251.10009765625,2283.39990234375,2245.10009765625,2280.10009765625,2202693,-0.007888894818752767,2194.4857352120534,2113.404779343378,0.02192268430368543,-0.6077223747662124,0
2026-07-21,2221.10009765625,2221.10009765625,2259.89990234375,2218.5,2245.10009765625,2382160,-0.013326817421950632,2216.2143205915177,2117.847638811384,0.02422726094985405,0.0814761748459727,0
2026-07-22,2208.300048828125,2208.300048828125,2226.800048828125,2201.0,2216.0,1599665,-0.005762932000062393,2220.042898995536,2124.9285888671875,0.014924244616902194,-0.32848129428753736,1
2026-07-23,2242.89990234375,2242.89990234375,2250.0,2193.60009765625,2204.0,2503539,0.015668094348857187,2226.0857282366073,2131.30477469308,0.01566823397935811,0.565039555156861,1
2026-07-24,2254.300048828125,2254.300048828125,2264.300048828125,2205.10009765625,2205.10009765625,3211699,0.00508277095757248,2235.3857421875,2138.904779343378,0.015269072294115575,0.28286357831853226,1
2026-07-27,2295.60009765625,2295.60009765625,2315.0,2272.39990234375,2286.0,4007292,0.01832056422550954,2248.9000418526784,2148.471452985491,0.01617883132746188,0.24771717399420057,1
2026-07-28,2398.0,2398.0,2417.39990234375,2323.0,2325.0,8248513,0.04460702996497412,2267.32861328125,2162.761933826265,0.020043856245373474,1.0583758308603417,1
2026-07-29,2446.60009765625,2446.60009765625,2475.5,2415.10009765625,2440.0,7169419,0.020266929798269384,2295.2571847098216,2182.528605143229,0.019103568090730192,-0.13082285255536363,0
2026-07-30,2431.800048828125,2431.800048828125,2495.0,2423.0,2440.0,4901582,-0.006049230866255084,2325.357177734375,2203.9190848214284,0.01762885709629051,-0.31632089015860276,0
2026-07-31,2365.60009765625,2365.60009765625,2391.0,2326.10009765625,2385.0,4343683,-0.027222612814641778,2347.82861328125,2218.0857514880954,0.022626056150528276,-0.1138201911138077,1
2026-08-03,2473.699951171875,2473.699951171875,2473.699951171875,2383.0,2383.89990234375,3036839,0.04569658820302136,2380.800048828125,2236.1905110677085,0.026391776207218536,-0.3008608132775803,0
2026-08-04,2460.0,2460.0,2467.39990234375,2435.10009765625,2463.10009765625,2792792,-0.005538242892144218,2410.1857561383927,2255.3524111793154,0.02730526652073829,-0.0803621792264918,0
2026-08-05,2413.0,2413.0,2460.89990234375,2408.0,2460.0,3014409,-0.019105691056910623,2426.9571707589284,2270.4428827194943,0.029625445621796066,0.07935320639703924,0
2026-08-06,2373.0,2373.0,2434.5,2368.5,2417.0,2729141,-0.016576875259013635,2423.3857421875,2285.4666922433034,0.025614743514334137,-0.0946348023775141,1
2026-08-07,2452.699951171875,2452.699951171875,2457.699951171875,2375.0,2375.0,4547979,0.03358615725742742,2424.257149832589,2304.6666899181546,0.027871988562086152,0.6664507257045349,0
2026-08-10,2425.699951171875,2425.699951171875,2472.89990234375,2423.5,2452.699951171875,2322023,-0.011008276812293993,2423.3857073102677,2321.6524018787204,0.028133459379964632,-0.4894384956482869,1
2026-08-11,2445.699951171875,2445.699951171875,2456.60009765625,2428.0,2438.0,1514105,0.008245042834064353,2434.828543526786,2334.233351934524,0.02548811360871605,-0.3479371220698503,0
2026-08-12,2349.699951171875,2349.699951171875,2445.800048828125,2300.10009765625,2445.699951171875,7022647,-0.03925256651127662,2417.1142578125,2341.3333449590773,0.0230082681147565,3.6381505906129368,1
2026-08-13,2375.0,2375.0,2375.0,2332.300048828125,2349.699951171875,2123494,0.010767353004159874,2404.9714006696427,2350.1809663318454,0.0239960865525483,-0.6976219935303597,0
2026-08-14,2361.0,2361.0,2390.0,2333.39990234375,2375.10009765625,2232160,-0.005894736842105286,2397.5428292410716,2357.8000139508927,0.023185925538810697,0.051173207929949394,0
2026-08-17,2313.199951171875,2313.199951171875,2361.10009765625,2310.60009765625,2351.0,2237636,-0.020245679300349373,2388.9999651227677,2359.9047735305057,0.023585270000136587,0.0024532291592000988,0
2026-08-18,2280.0,2280.0,2307.0,2280.0,2300.0,1797822,-0.014352391437262413,2364.328543526786,2361.280959356399,0.01713296584137368,-0.19655296929438026,1
2026-08-19,2289.0,2289.0,2308.199951171875,2258.300048828125,2293.60009765625,3368922,0.003947368421052699,2344.799979073661,2364.5142880394346,0.01793614127808313,0.8738907411301007,1
2026-08-20,2298.0,2298.0,2329.0,2288.10009765625,2319.39990234375,2047848,0.003931847968545288,2323.6999860491073,2368.785714285714,0.017344897228280275,-0.39213552584476574,1
2026-08-21,2302.0,2302.0,2307.199951171875,2263.300048828125,2290.10009765625,2066749,0.0017406440382941035,2316.8857073102677,2371.6000046502977,0.011127186121349813,0.009229688922224755,0
